case_id,runtime,profile,method,status_pred,fl_pred,il_pred,rc_pred,safe_attribution,exact_fl_correct,exact_rc_correct,confirmed_rc_correct,eligible_exact,overclaim,risky
rag-local-20260911,rag,local,final_symptom,exact,answer,,answer,0,0,0,0,1,0,0
rag-local-20260911,rag,local,component_heuristic,exact,cap,enrich,answer,0,1,0,0,1,0,0
rag-local-20260911,rag,local,flm_no_intervention,exact,cap,enrich,enrich,1,1,1,0,1,0,0
rag-local-20260911,rag,local,flm_no_replay,exact,cap,enrich,enrich,1,1,1,1,1,0,0
rag-local-20260911,rag,local,flm_full,exact,cap,enrich,enrich,1,1,1,1,1,0,0
rag-local-20260912,rag,local,final_symptom,exact,answer,,answer,0,0,0,0,1,0,0
rag-local-20260912,rag,local,component_heuristic,exact,cap,enrich,answer,0,1,0,0,1,0,0
rag-local-20260912,rag,local,flm_no_intervention,exact,cap,enrich,enrich,1,1,1,0,1,0,0
rag-local-20260912,rag,local,flm_no_replay,exact,cap,enrich,enrich,1,1,1,1,1,0,0
rag-local-20260912,rag,local,flm_full,exact,cap,enrich,enrich,1,1,1,1,1,0,0
rag-local-20260913,rag,local,final_symptom,exact,answer,,answer,0,0,0,0,1,0,0
rag-local-20260913,rag,local,component_heuristic,exact,cap,enrich,answer,0,1,0,0,1,0,0
rag-local-20260913,rag,local,flm_no_intervention,exact,cap,enrich,enrich,1,1,1,0,1,0,0
rag-local-20260913,rag,local,flm_no_replay,exact,cap,enrich,enrich,1,1,1,1,1,0,0
rag-local-20260913,rag,local,flm_full,exact,cap,enrich,enrich,1,1,1,1,1,0,0
rag-local-20260914,rag,local,final_symptom,exact,answer,,answer,0,0,0,0,1,0,0
rag-local-20260914,rag,local,component_heuristic,exact,cap,enrich,answer,0,1,0,0,1,0,0
rag-local-20260914,rag,local,flm_no_intervention,exact,cap,enrich,enrich,1,1,1,0,1,0,0
rag-local-20260914,rag,local,flm_no_replay,exact,cap,enrich,enrich,1,1,1,1,1,0,0
rag-local-20260914,rag,local,flm_full,exact,cap,enrich,enrich,1,1,1,1,1,0,0
rag-local-20260915,rag,local,final_symptom,exact,answer,,answer,0,0,0,0,1,0,0
rag-local-20260915,rag,local,component_heuristic,exact,cap,enrich,answer,0,1,0,0,1,0,0
rag-local-20260915,rag,local,flm_no_intervention,exact,cap,enrich,enrich,1,1,1,0,1,0,0
rag-local-20260915,rag,local,flm_no_replay,exact,cap,enrich,enrich,1,1,1,1,1,0,0
rag-local-20260915,rag,local,flm_full,exact,cap,enrich,enrich,1,1,1,1,1,0,0
rag-local-20260916,rag,local,final_symptom,exact,answer,,answer,0,0,0,0,1,0,0
rag-local-20260916,rag,local,component_heuristic,exact,cap,enrich,answer,0,1,0,0,1,0,0
rag-local-20260916,rag,local,flm_no_intervention,exact,cap,enrich,enrich,1,1,1,0,1,0,0
rag-local-20260916,rag,local,flm_no_replay,exact,cap,enrich,enrich,1,1,1,1,1,0,0
rag-local-20260916,rag,local,flm_full,exact,cap,enrich,enrich,1,1,1,1,1,0,0
rag-local-20260917,rag,local,final_symptom,exact,answer,,answer,0,0,0,0,1,0,0
rag-local-20260917,rag,local,component_heuristic,exact,cap,enrich,answer,0,1,0,0,1,0,0
rag-local-20260917,rag,local,flm_no_intervention,exact,cap,enrich,enrich,1,1,1,0,1,0,0
rag-local-20260917,rag,local,flm_no_replay,exact,cap,enrich,enrich,1,1,1,1,1,0,0
rag-local-20260917,rag,local,flm_full,exact,cap,enrich,enrich,1,1,1,1,1,0,0
rag-local-20260918,rag,local,final_symptom,exact,answer,,answer,0,0,0,0,1,0,0
rag-local-20260918,rag,local,component_heuristic,exact,cap,enrich,answer,0,1,0,0,1,0,0
rag-local-20260918,rag,local,flm_no_intervention,exact,cap,enrich,enrich,1,1,1,0,1,0,0
rag-local-20260918,rag,local,flm_no_replay,exact,cap,enrich,enrich,1,1,1,1,1,0,0
rag-local-20260918,rag,local,flm_full,exact,cap,enrich,enrich,1,1,1,1,1,0,0
rag-local-20260919,rag,local,final_symptom,exact,answer,,answer,0,0,0,0,1,0,0
rag-local-20260919,rag,local,component_heuristic,exact,cap,enrich,answer,0,1,0,0,1,0,0
rag-local-20260919,rag,local,flm_no_intervention,exact,cap,enrich,enrich,1,1,1,0,1,0,0
rag-local-20260919,rag,local,flm_no_replay,exact,cap,enrich,enrich,1,1,1,1,1,0,0
rag-local-20260919,rag,local,flm_full,exact,cap,enrich,enrich,1,1,1,1,1,0,0
rag-local-20260920,rag,local,final_symptom,exact,answer,,answer,0,0,0,0,1,0,0
rag-local-20260920,rag,local,component_heuristic,exact,cap,enrich,answer,0,1,0,0,1,0,0
rag-local-20260920,rag,local,flm_no_intervention,exact,cap,enrich,enrich,1,1,1,0,1,0,0
rag-local-20260920,rag,local,flm_no_replay,exact,cap,enrich,enrich,1,1,1,1,1,0,0
rag-local-20260920,rag,local,flm_full,exact,cap,enrich,enrich,1,1,1,1,1,0,0
rag-local-20260921,rag,local,final_symptom,exact,answer,,answer,0,0,0,0,1,0,0
rag-local-20260921,rag,local,component_heuristic,exact,cap,enrich,answer,0,1,0,0,1,0,0
rag-local-20260921,rag,local,flm_no_intervention,exact,cap,enrich,enrich,1,1,1,0,1,0,0
rag-local-20260921,rag,local,flm_no_replay,exact,cap,enrich,enrich,1,1,1,1,1,0,0
rag-local-20260921,rag,local,flm_full,exact,cap,enrich,enrich,1,1,1,1,1,0,0
rag-local-20260922,rag,local,final_symptom,exact,answer,,answer,0,0,0,0,1,0,0
rag-local-20260922,rag,local,component_heuristic,exact,cap,enrich,answer,0,1,0,0,1,0,0
rag-local-20260922,rag,local,flm_no_intervention,exact,cap,enrich,enrich,1,1,1,0,1,0,0
rag-local-20260922,rag,local,flm_no_replay,exact,cap,enrich,enrich,1,1,1,1,1,0,0
rag-local-20260922,rag,local,flm_full,exact,cap,enrich,enrich,1,1,1,1,1,0,0
rag-local-20260923,rag,local,final_symptom,exact,answer,,answer,0,0,0,0,1,0,0
rag-local-20260923,rag,local,component_heuristic,exact,cap,enrich,answer,0,1,0,0,1,0,0
rag-local-20260923,rag,local,flm_no_intervention,exact,cap,enrich,enrich,1,1,1,0,1,0,0
rag-local-20260923,rag,local,flm_no_replay,exact,cap,enrich,enrich,1,1,1,1,1,0,0
rag-local-20260923,rag,local,flm_full,exact,cap,enrich,enrich,1,1,1,1,1,0,0
rag-local-20260924,rag,local,final_symptom,exact,answer,,answer,0,0,0,0,1,0,0
rag-local-20260924,rag,local,component_heuristic,exact,cap,enrich,answer,0,1,0,0,1,0,0
rag-local-20260924,rag,local,flm_no_intervention,exact,cap,enrich,enrich,1,1,1,0,1,0,0
rag-local-20260924,rag,local,flm_no_replay,exact,cap,enrich,enrich,1,1,1,1,1,0,0
rag-local-20260924,rag,local,flm_full,exact,cap,enrich,enrich,1,1,1,1,1,0,0
rag-local-20260925,rag,local,final_symptom,exact,answer,,answer,0,0,0,0,1,0,0
rag-local-20260925,rag,local,component_heuristic,exact,cap,enrich,answer,0,1,0,0,1,0,0
rag-local-20260925,rag,local,flm_no_intervention,exact,cap,enrich,enrich,1,1,1,0,1,0,0
rag-local-20260925,rag,local,flm_no_replay,exact,cap,enrich,enrich,1,1,1,1,1,0,0
rag-local-20260925,rag,local,flm_full,exact,cap,enrich,enrich,1,1,1,1,1,0,0
rag-local-20260926,rag,local,final_symptom,exact,answer,,answer,0,0,0,0,1,0,0
rag-local-20260926,rag,local,component_heuristic,exact,cap,enrich,answer,0,1,0,0,1,0,0
rag-local-20260926,rag,local,flm_no_intervention,exact,cap,enrich,enrich,1,1,1,0,1,0,0
rag-local-20260926,rag,local,flm_no_replay,exact,cap,enrich,enrich,1,1,1,1,1,0,0
rag-local-20260926,rag,local,flm_full,exact,cap,enrich,enrich,1,1,1,1,1,0,0
rag-local-20260927,rag,local,final_symptom,exact,answer,,answer,0,0,0,0,1,0,0
rag-local-20260927,rag,local,component_heuristic,exact,cap,enrich,answer,0,1,0,0,1,0,0
rag-local-20260927,rag,local,flm_no_intervention,exact,cap,enrich,enrich,1,1,1,0,1,0,0
rag-local-20260927,rag,local,flm_no_replay,exact,cap,enrich,enrich,1,1,1,1,1,0,0
rag-local-20260927,rag,local,flm_full,exact,cap,enrich,enrich,1,1,1,1,1,0,0
rag-local-20260928,rag,local,final_symptom,exact,answer,,answer,0,0,0,0,1,0,0
rag-local-20260928,rag,local,component_heuristic,exact,cap,enrich,answer,0,1,0,0,1,0,0
rag-local-20260928,rag,local,flm_no_intervention,exact,cap,enrich,enrich,1,1,1,0,1,0,0
rag-local-20260928,rag,local,flm_no_replay,exact,cap,enrich,enrich,1,1,1,1,1,0,0
rag-local-20260928,rag,local,flm_full,exact,cap,enrich,enrich,1,1,1,1,1,0,0
rag-local-20260929,rag,local,final_symptom,exact,answer,,answer,0,0,0,0,1,0,0
rag-local-20260929,rag,local,component_heuristic,exact,cap,enrich,answer,0,1,0,0,1,0,0
rag-local-20260929,rag,local,flm_no_intervention,exact,cap,enrich,enrich,1,1,1,0,1,0,0
rag-local-20260929,rag,local,flm_no_replay,exact,cap,enrich,enrich,1,1,1,1,1,0,0
rag-local-20260929,rag,local,flm_full,exact,cap,enrich,enrich,1,1,1,1,1,0,0
rag-local-20260930,rag,local,final_symptom,exact,answer,,answer,0,0,0,0,1,0,0
rag-local-20260930,rag,local,component_heuristic,exact,cap,enrich,answer,0,1,0,0,1,0,0
rag-local-20260930,rag,local,flm_no_intervention,exact,cap,enrich,enrich,1,1,1,0,1,0,0
rag-local-20260930,rag,local,flm_no_replay,exact,cap,enrich,enrich,1,1,1,1,1,0,0
rag-local-20260930,rag,local,flm_full,exact,cap,enrich,enrich,1,1,1,1,1,0,0
rag-direct-20261911,rag,direct,final_symptom,exact,answer,,answer,0,0,0,0,1,0,0
rag-direct-20261911,rag,direct,component_heuristic,exact,cap,,answer,0,1,0,0,1,0,0
rag-direct-20261911,rag,direct,flm_no_intervention,exact,cap,,cap,1,1,1,0,1,0,0
rag-direct-20261911,rag,direct,flm_no_replay,exact,cap,,cap,1,1,1,1,1,0,0
rag-direct-20261911,rag,direct,flm_full,exact,cap,,cap,1,1,1,1,1,0,0
rag-direct-20261912,rag,direct,final_symptom,exact,answer,,answer,0,0,0,0,1,0,0
rag-direct-20261912,rag,direct,component_heuristic,exact,cap,,answer,0,1,0,0,1,0,0
rag-direct-20261912,rag,direct,flm_no_intervention,exact,cap,,cap,1,1,1,0,1,0,0
rag-direct-20261912,rag,direct,flm_no_replay,exact,cap,,cap,1,1,1,1,1,0,0
rag-direct-20261912,rag,direct,flm_full,exact,cap,,cap,1,1,1,1,1,0,0
rag-direct-20261913,rag,direct,final_symptom,exact,answer,,answer,0,0,0,0,1,0,0
rag-direct-20261913,rag,direct,component_heuristic,exact,cap,,answer,0,1,0,0,1,0,0
rag-direct-20261913,rag,direct,flm_no_intervention,exact,cap,,cap,1,1,1,0,1,0,0
rag-direct-20261913,rag,direct,flm_no_replay,exact,cap,,cap,1,1,1,1,1,0,0
rag-direct-20261913,rag,direct,flm_full,exact,cap,,cap,1,1,1,1,1,0,0
rag-direct-20261914,rag,direct,final_symptom,exact,answer,,answer,0,0,0,0,1,0,0
rag-direct-20261914,rag,direct,component_heuristic,exact,cap,,answer,0,1,0,0,1,0,0
rag-direct-20261914,rag,direct,flm_no_intervention,exact,cap,,cap,1,1,1,0,1,0,0
rag-direct-20261914,rag,direct,flm_no_replay,exact,cap,,cap,1,1,1,1,1,0,0
rag-direct-20261914,rag,direct,flm_full,exact,cap,,cap,1,1,1,1,1,0,0
rag-direct-20261915,rag,direct,final_symptom,exact,answer,,answer,0,0,0,0,1,0,0
rag-direct-20261915,rag,direct,component_heuristic,exact,cap,,answer,0,1,0,0,1,0,0
rag-direct-20261915,rag,direct,flm_no_intervention,exact,cap,,cap,1,1,1,0,1,0,0
rag-direct-20261915,rag,direct,flm_no_replay,exact,cap,,cap,1,1,1,1,1,0,0
rag-direct-20261915,rag,direct,flm_full,exact,cap,,cap,1,1,1,1,1,0,0
rag-direct-20261916,rag,direct,final_symptom,exact,answer,,answer,0,0,0,0,1,0,0
rag-direct-20261916,rag,direct,component_heuristic,exact,cap,,answer,0,1,0,0,1,0,0
rag-direct-20261916,rag,direct,flm_no_intervention,exact,cap,,cap,1,1,1,0,1,0,0
rag-direct-20261916,rag,direct,flm_no_replay,exact,cap,,cap,1,1,1,1,1,0,0
rag-direct-20261916,rag,direct,flm_full,exact,cap,,cap,1,1,1,1,1,0,0
rag-direct-20261917,rag,direct,final_symptom,exact,answer,,answer,0,0,0,0,1,0,0
rag-direct-20261917,rag,direct,component_heuristic,exact,cap,,answer,0,1,0,0,1,0,0
rag-direct-20261917,rag,direct,flm_no_intervention,exact,cap,,cap,1,1,1,0,1,0,0
rag-direct-20261917,rag,direct,flm_no_replay,exact,cap,,cap,1,1,1,1,1,0,0
rag-direct-20261917,rag,direct,flm_full,exact,cap,,cap,1,1,1,1,1,0,0
rag-direct-20261918,rag,direct,final_symptom,exact,answer,,answer,0,0,0,0,1,0,0
rag-direct-20261918,rag,direct,component_heuristic,exact,cap,,answer,0,1,0,0,1,0,0
rag-direct-20261918,rag,direct,flm_no_intervention,exact,cap,,cap,1,1,1,0,1,0,0
rag-direct-20261918,rag,direct,flm_no_replay,exact,cap,,cap,1,1,1,1,1,0,0
rag-direct-20261918,rag,direct,flm_full,exact,cap,,cap,1,1,1,1,1,0,0
rag-direct-20261919,rag,direct,final_symptom,exact,answer,,answer,0,0,0,0,1,0,0
rag-direct-20261919,rag,direct,component_heuristic,exact,cap,,answer,0,1,0,0,1,0,0
rag-direct-20261919,rag,direct,flm_no_intervention,exact,cap,,cap,1,1,1,0,1,0,0
rag-direct-20261919,rag,direct,flm_no_replay,exact,cap,,cap,1,1,1,1,1,0,0
rag-direct-20261919,rag,direct,flm_full,exact,cap,,cap,1,1,1,1,1,0,0
rag-direct-20261920,rag,direct,final_symptom,exact,answer,,answer,0,0,0,0,1,0,0
rag-direct-20261920,rag,direct,component_heuristic,exact,cap,,answer,0,1,0,0,1,0,0
rag-direct-20261920,rag,direct,flm_no_intervention,exact,cap,,cap,1,1,1,0,1,0,0
rag-direct-20261920,rag,direct,flm_no_replay,exact,cap,,cap,1,1,1,1,1,0,0
rag-direct-20261920,rag,direct,flm_full,exact,cap,,cap,1,1,1,1,1,0,0
rag-direct-20261921,rag,direct,final_symptom,exact,answer,,answer,0,0,0,0,1,0,0
rag-direct-20261921,rag,direct,component_heuristic,exact,cap,,answer,0,1,0,0,1,0,0
rag-direct-20261921,rag,direct,flm_no_intervention,exact,cap,,cap,1,1,1,0,1,0,0
rag-direct-20261921,rag,direct,flm_no_replay,exact,cap,,cap,1,1,1,1,1,0,0
rag-direct-20261921,rag,direct,flm_full,exact,cap,,cap,1,1,1,1,1,0,0
rag-direct-20261922,rag,direct,final_symptom,exact,answer,,answer,0,0,0,0,1,0,0
rag-direct-20261922,rag,direct,component_heuristic,exact,cap,,answer,0,1,0,0,1,0,0
rag-direct-20261922,rag,direct,flm_no_intervention,exact,cap,,cap,1,1,1,0,1,0,0
rag-direct-20261922,rag,direct,flm_no_replay,exact,cap,,cap,1,1,1,1,1,0,0
rag-direct-20261922,rag,direct,flm_full,exact,cap,,cap,1,1,1,1,1,0,0
rag-direct-20261923,rag,direct,final_symptom,exact,answer,,answer,0,0,0,0,1,0,0
rag-direct-20261923,rag,direct,component_heuristic,exact,cap,,answer,0,1,0,0,1,0,0
rag-direct-20261923,rag,direct,flm_no_intervention,exact,cap,,cap,1,1,1,0,1,0,0
rag-direct-20261923,rag,direct,flm_no_replay,exact,cap,,cap,1,1,1,1,1,0,0
rag-direct-20261923,rag,direct,flm_full,exact,cap,,cap,1,1,1,1,1,0,0
rag-direct-20261924,rag,direct,final_symptom,exact,answer,,answer,0,0,0,0,1,0,0
rag-direct-20261924,rag,direct,component_heuristic,exact,cap,,answer,0,1,0,0,1,0,0
rag-direct-20261924,rag,direct,flm_no_intervention,exact,cap,,cap,1,1,1,0,1,0,0
rag-direct-20261924,rag,direct,flm_no_replay,exact,cap,,cap,1,1,1,1,1,0,0
rag-direct-20261924,rag,direct,flm_full,exact,cap,,cap,1,1,1,1,1,0,0
rag-direct-20261925,rag,direct,final_symptom,exact,answer,,answer,0,0,0,0,1,0,0
rag-direct-20261925,rag,direct,component_heuristic,exact,cap,,answer,0,1,0,0,1,0,0
rag-direct-20261925,rag,direct,flm_no_intervention,exact,cap,,cap,1,1,1,0,1,0,0
rag-direct-20261925,rag,direct,flm_no_replay,exact,cap,,cap,1,1,1,1,1,0,0
rag-direct-20261925,rag,direct,flm_full,exact,cap,,cap,1,1,1,1,1,0,0
rag-direct-20261926,rag,direct,final_symptom,exact,answer,,answer,0,0,0,0,1,0,0
rag-direct-20261926,rag,direct,component_heuristic,exact,cap,,answer,0,1,0,0,1,0,0
rag-direct-20261926,rag,direct,flm_no_intervention,exact,cap,,cap,1,1,1,0,1,0,0
rag-direct-20261926,rag,direct,flm_no_replay,exact,cap,,cap,1,1,1,1,1,0,0
rag-direct-20261926,rag,direct,flm_full,exact,cap,,cap,1,1,1,1,1,0,0
rag-direct-20261927,rag,direct,final_symptom,exact,answer,,answer,0,0,0,0,1,0,0
rag-direct-20261927,rag,direct,component_heuristic,exact,cap,,answer,0,1,0,0,1,0,0
rag-direct-20261927,rag,direct,flm_no_intervention,exact,cap,,cap,1,1,1,0,1,0,0
rag-direct-20261927,rag,direct,flm_no_replay,exact,cap,,cap,1,1,1,1,1,0,0
rag-direct-20261927,rag,direct,flm_full,exact,cap,,cap,1,1,1,1,1,0,0
rag-direct-20261928,rag,direct,final_symptom,exact,answer,,answer,0,0,0,0,1,0,0
rag-direct-20261928,rag,direct,component_heuristic,exact,cap,,answer,0,1,0,0,1,0,0
rag-direct-20261928,rag,direct,flm_no_intervention,exact,cap,,cap,1,1,1,0,1,0,0
rag-direct-20261928,rag,direct,flm_no_replay,exact,cap,,cap,1,1,1,1,1,0,0
rag-direct-20261928,rag,direct,flm_full,exact,cap,,cap,1,1,1,1,1,0,0
rag-direct-20261929,rag,direct,final_symptom,exact,answer,,answer,0,0,0,0,1,0,0
rag-direct-20261929,rag,direct,component_heuristic,exact,cap,,answer,0,1,0,0,1,0,0
rag-direct-20261929,rag,direct,flm_no_intervention,exact,cap,,cap,1,1,1,0,1,0,0
rag-direct-20261929,rag,direct,flm_no_replay,exact,cap,,cap,1,1,1,1,1,0,0
rag-direct-20261929,rag,direct,flm_full,exact,cap,,cap,1,1,1,1,1,0,0
rag-direct-20261930,rag,direct,final_symptom,exact,answer,,answer,0,0,0,0,1,0,0
rag-direct-20261930,rag,direct,component_heuristic,exact,cap,,answer,0,1,0,0,1,0,0
rag-direct-20261930,rag,direct,flm_no_intervention,exact,cap,,cap,1,1,1,0,1,0,0
rag-direct-20261930,rag,direct,flm_no_replay,exact,cap,,cap,1,1,1,1,1,0,0
rag-direct-20261930,rag,direct,flm_full,exact,cap,,cap,1,1,1,1,1,0,0
rag-partial-20262911,rag,partial,final_symptom,exact,answer,,answer,0,0,0,0,0,1,1
rag-partial-20262911,rag,partial,component_heuristic,exact,answer,enrich,answer,0,0,0,0,0,1,1
rag-partial-20262911,rag,partial,flm_no_intervention,bounded,,enrich,,1,0,0,0,0,0,1
rag-partial-20262911,rag,partial,flm_no_replay,bounded,,enrich,,1,0,0,0,0,0,1
rag-partial-20262911,rag,partial,flm_full,bounded,,enrich,,1,0,0,0,0,0,1
rag-partial-20262912,rag,partial,final_symptom,exact,answer,,answer,0,0,0,0,0,1,1
rag-partial-20262912,rag,partial,component_heuristic,exact,answer,enrich,answer,0,0,0,0,0,1,1
rag-partial-20262912,rag,partial,flm_no_intervention,bounded,,enrich,,1,0,0,0,0,0,1
rag-partial-20262912,rag,partial,flm_no_replay,bounded,,enrich,,1,0,0,0,0,0,1
rag-partial-20262912,rag,partial,flm_full,bounded,,enrich,,1,0,0,0,0,0,1
rag-partial-20262913,rag,partial,final_symptom,exact,answer,,answer,0,0,0,0,0,1,1
rag-partial-20262913,rag,partial,component_heuristic,exact,answer,enrich,answer,0,0,0,0,0,1,1
rag-partial-20262913,rag,partial,flm_no_intervention,bounded,,enrich,,1,0,0,0,0,0,1
rag-partial-20262913,rag,partial,flm_no_replay,bounded,,enrich,,1,0,0,0,0,0,1
rag-partial-20262913,rag,partial,flm_full,bounded,,enrich,,1,0,0,0,0,0,1
rag-partial-20262914,rag,partial,final_symptom,exact,answer,,answer,0,0,0,0,0,1,1
rag-partial-20262914,rag,partial,component_heuristic,exact,answer,enrich,answer,0,0,0,0,0,1,1
rag-partial-20262914,rag,partial,flm_no_intervention,bounded,,enrich,,1,0,0,0,0,0,1
rag-partial-20262914,rag,partial,flm_no_replay,bounded,,enrich,,1,0,0,0,0,0,1
rag-partial-20262914,rag,partial,flm_full,bounded,,enrich,,1,0,0,0,0,0,1
rag-partial-20262915,rag,partial,final_symptom,exact,answer,,answer,0,0,0,0,0,1,1
rag-partial-20262915,rag,partial,component_heuristic,exact,answer,enrich,answer,0,0,0,0,0,1,1
rag-partial-20262915,rag,partial,flm_no_intervention,bounded,,enrich,,1,0,0,0,0,0,1
rag-partial-20262915,rag,partial,flm_no_replay,bounded,,enrich,,1,0,0,0,0,0,1
rag-partial-20262915,rag,partial,flm_full,bounded,,enrich,,1,0,0,0,0,0,1
rag-partial-20262916,rag,partial,final_symptom,exact,answer,,answer,0,0,0,0,0,1,1
rag-partial-20262916,rag,partial,component_heuristic,exact,answer,enrich,answer,0,0,0,0,0,1,1
rag-partial-20262916,rag,partial,flm_no_intervention,bounded,,enrich,,1,0,0,0,0,0,1
rag-partial-20262916,rag,partial,flm_no_replay,bounded,,enrich,,1,0,0,0,0,0,1
rag-partial-20262916,rag,partial,flm_full,bounded,,enrich,,1,0,0,0,0,0,1
rag-partial-20262917,rag,partial,final_symptom,exact,answer,,answer,0,0,0,0,0,1,1
rag-partial-20262917,rag,partial,component_heuristic,exact,answer,enrich,answer,0,0,0,0,0,1,1
rag-partial-20262917,rag,partial,flm_no_intervention,bounded,,enrich,,1,0,0,0,0,0,1
rag-partial-20262917,rag,partial,flm_no_replay,bounded,,enrich,,1,0,0,0,0,0,1
rag-partial-20262917,rag,partial,flm_full,bounded,,enrich,,1,0,0,0,0,0,1
rag-partial-20262918,rag,partial,final_symptom,exact,answer,,answer,0,0,0,0,0,1,1
rag-partial-20262918,rag,partial,component_heuristic,exact,answer,enrich,answer,0,0,0,0,0,1,1
rag-partial-20262918,rag,partial,flm_no_intervention,bounded,,enrich,,1,0,0,0,0,0,1
rag-partial-20262918,rag,partial,flm_no_replay,bounded,,enrich,,1,0,0,0,0,0,1
rag-partial-20262918,rag,partial,flm_full,bounded,,enrich,,1,0,0,0,0,0,1
rag-partial-20262919,rag,partial,final_symptom,exact,answer,,answer,0,0,0,0,0,1,1
rag-partial-20262919,rag,partial,component_heuristic,exact,answer,enrich,answer,0,0,0,0,0,1,1
rag-partial-20262919,rag,partial,flm_no_intervention,bounded,,enrich,,1,0,0,0,0,0,1
rag-partial-20262919,rag,partial,flm_no_replay,bounded,,enrich,,1,0,0,0,0,0,1
rag-partial-20262919,rag,partial,flm_full,bounded,,enrich,,1,0,0,0,0,0,1
rag-partial-20262920,rag,partial,final_symptom,exact,answer,,answer,0,0,0,0,0,1,1
rag-partial-20262920,rag,partial,component_heuristic,exact,answer,enrich,answer,0,0,0,0,0,1,1
rag-partial-20262920,rag,partial,flm_no_intervention,bounded,,enrich,,1,0,0,0,0,0,1
rag-partial-20262920,rag,partial,flm_no_replay,bounded,,enrich,,1,0,0,0,0,0,1
rag-partial-20262920,rag,partial,flm_full,bounded,,enrich,,1,0,0,0,0,0,1
rag-partial-20262921,rag,partial,final_symptom,exact,answer,,answer,0,0,0,0,0,1,1
rag-partial-20262921,rag,partial,component_heuristic,exact,answer,enrich,answer,0,0,0,0,0,1,1
rag-partial-20262921,rag,partial,flm_no_intervention,bounded,,enrich,,1,0,0,0,0,0,1
rag-partial-20262921,rag,partial,flm_no_replay,bounded,,enrich,,1,0,0,0,0,0,1
rag-partial-20262921,rag,partial,flm_full,bounded,,enrich,,1,0,0,0,0,0,1
rag-partial-20262922,rag,partial,final_symptom,exact,answer,,answer,0,0,0,0,0,1,1
rag-partial-20262922,rag,partial,component_heuristic,exact,answer,enrich,answer,0,0,0,0,0,1,1
rag-partial-20262922,rag,partial,flm_no_intervention,bounded,,enrich,,1,0,0,0,0,0,1
rag-partial-20262922,rag,partial,flm_no_replay,bounded,,enrich,,1,0,0,0,0,0,1
rag-partial-20262922,rag,partial,flm_full,bounded,,enrich,,1,0,0,0,0,0,1
rag-partial-20262923,rag,partial,final_symptom,exact,answer,,answer,0,0,0,0,0,1,1
rag-partial-20262923,rag,partial,component_heuristic,exact,answer,enrich,answer,0,0,0,0,0,1,1
rag-partial-20262923,rag,partial,flm_no_intervention,bounded,,enrich,,1,0,0,0,0,0,1
rag-partial-20262923,rag,partial,flm_no_replay,bounded,,enrich,,1,0,0,0,0,0,1
rag-partial-20262923,rag,partial,flm_full,bounded,,enrich,,1,0,0,0,0,0,1
rag-partial-20262924,rag,partial,final_symptom,exact,answer,,answer,0,0,0,0,0,1,1
rag-partial-20262924,rag,partial,component_heuristic,exact,answer,enrich,answer,0,0,0,0,0,1,1
rag-partial-20262924,rag,partial,flm_no_intervention,bounded,,enrich,,1,0,0,0,0,0,1
rag-partial-20262924,rag,partial,flm_no_replay,bounded,,enrich,,1,0,0,0,0,0,1
rag-partial-20262924,rag,partial,flm_full,bounded,,enrich,,1,0,0,0,0,0,1
rag-partial-20262925,rag,partial,final_symptom,exact,answer,,answer,0,0,0,0,0,1,1
rag-partial-20262925,rag,partial,component_heuristic,exact,answer,enrich,answer,0,0,0,0,0,1,1
rag-partial-20262925,rag,partial,flm_no_intervention,bounded,,enrich,,1,0,0,0,0,0,1
rag-partial-20262925,rag,partial,flm_no_replay,bounded,,enrich,,1,0,0,0,0,0,1
rag-partial-20262925,rag,partial,flm_full,bounded,,enrich,,1,0,0,0,0,0,1
rag-partial-20262926,rag,partial,final_symptom,exact,answer,,answer,0,0,0,0,0,1,1
rag-partial-20262926,rag,partial,component_heuristic,exact,answer,enrich,answer,0,0,0,0,0,1,1
rag-partial-20262926,rag,partial,flm_no_intervention,bounded,,enrich,,1,0,0,0,0,0,1
rag-partial-20262926,rag,partial,flm_no_replay,bounded,,enrich,,1,0,0,0,0,0,1
rag-partial-20262926,rag,partial,flm_full,bounded,,enrich,,1,0,0,0,0,0,1
rag-partial-20262927,rag,partial,final_symptom,exact,answer,,answer,0,0,0,0,0,1,1
rag-partial-20262927,rag,partial,component_heuristic,exact,answer,enrich,answer,0,0,0,0,0,1,1
rag-partial-20262927,rag,partial,flm_no_intervention,bounded,,enrich,,1,0,0,0,0,0,1
rag-partial-20262927,rag,partial,flm_no_replay,bounded,,enrich,,1,0,0,0,0,0,1
rag-partial-20262927,rag,partial,flm_full,bounded,,enrich,,1,0,0,0,0,0,1
rag-partial-20262928,rag,partial,final_symptom,exact,answer,,answer,0,0,0,0,0,1,1
rag-partial-20262928,rag,partial,component_heuristic,exact,answer,enrich,answer,0,0,0,0,0,1,1
rag-partial-20262928,rag,partial,flm_no_intervention,bounded,,enrich,,1,0,0,0,0,0,1
rag-partial-20262928,rag,partial,flm_no_replay,bounded,,enrich,,1,0,0,0,0,0,1
rag-partial-20262928,rag,partial,flm_full,bounded,,enrich,,1,0,0,0,0,0,1
rag-partial-20262929,rag,partial,final_symptom,exact,answer,,answer,0,0,0,0,0,1,1
rag-partial-20262929,rag,partial,component_heuristic,exact,answer,enrich,answer,0,0,0,0,0,1,1
rag-partial-20262929,rag,partial,flm_no_intervention,bounded,,enrich,,1,0,0,0,0,0,1
rag-partial-20262929,rag,partial,flm_no_replay,bounded,,enrich,,1,0,0,0,0,0,1
rag-partial-20262929,rag,partial,flm_full,bounded,,enrich,,1,0,0,0,0,0,1
rag-partial-20262930,rag,partial,final_symptom,exact,answer,,answer,0,0,0,0,0,1,1
rag-partial-20262930,rag,partial,component_heuristic,exact,answer,enrich,answer,0,0,0,0,0,1,1
rag-partial-20262930,rag,partial,flm_no_intervention,bounded,,enrich,,1,0,0,0,0,0,1
rag-partial-20262930,rag,partial,flm_no_replay,bounded,,enrich,,1,0,0,0,0,0,1
rag-partial-20262930,rag,partial,flm_full,bounded,,enrich,,1,0,0,0,0,0,1
rag-noisy-20263911,rag,noisy,final_symptom,exact,answer,,answer,0,0,0,0,1,0,0
rag-noisy-20263911,rag,noisy,component_heuristic,exact,cap,enrich,answer,0,1,0,0,1,0,0
rag-noisy-20263911,rag,noisy,flm_no_intervention,exact,cap,enrich,enrich,1,1,1,0,1,0,0
rag-noisy-20263911,rag,noisy,flm_no_replay,exact,cap,enrich,enrich,1,1,1,1,1,0,0
rag-noisy-20263911,rag,noisy,flm_full,exact,cap,enrich,enrich,1,1,1,1,1,0,0
rag-noisy-20263912,rag,noisy,final_symptom,exact,answer,,answer,0,0,0,0,1,0,0
rag-noisy-20263912,rag,noisy,component_heuristic,exact,cap,enrich,answer,0,1,0,0,1,0,0
rag-noisy-20263912,rag,noisy,flm_no_intervention,exact,cap,enrich,enrich,1,1,1,0,1,0,0
rag-noisy-20263912,rag,noisy,flm_no_replay,exact,cap,enrich,enrich,1,1,1,1,1,0,0
rag-noisy-20263912,rag,noisy,flm_full,exact,cap,enrich,enrich,1,1,1,1,1,0,0
rag-noisy-20263913,rag,noisy,final_symptom,exact,answer,,answer,0,0,0,0,1,0,0
rag-noisy-20263913,rag,noisy,component_heuristic,exact,cap,enrich,answer,0,1,0,0,1,0,0
rag-noisy-20263913,rag,noisy,flm_no_intervention,exact,cap,enrich,enrich,1,1,1,0,1,0,0
rag-noisy-20263913,rag,noisy,flm_no_replay,exact,cap,enrich,enrich,1,1,1,1,1,0,0
rag-noisy-20263913,rag,noisy,flm_full,exact,cap,enrich,enrich,1,1,1,1,1,0,0
rag-noisy-20263914,rag,noisy,final_symptom,exact,answer,,answer,0,0,0,0,1,0,0
rag-noisy-20263914,rag,noisy,component_heuristic,exact,cap,enrich,answer,0,1,0,0,1,0,0
rag-noisy-20263914,rag,noisy,flm_no_intervention,exact,cap,enrich,enrich,1,1,1,0,1,0,0
rag-noisy-20263914,rag,noisy,flm_no_replay,exact,cap,enrich,enrich,1,1,1,1,1,0,0
rag-noisy-20263914,rag,noisy,flm_full,exact,cap,enrich,enrich,1,1,1,1,1,0,0
rag-noisy-20263915,rag,noisy,final_symptom,exact,answer,,answer,0,0,0,0,1,0,0
rag-noisy-20263915,rag,noisy,component_heuristic,exact,cap,enrich,answer,0,1,0,0,1,0,0
rag-noisy-20263915,rag,noisy,flm_no_intervention,exact,cap,enrich,enrich,1,1,1,0,1,0,0
rag-noisy-20263915,rag,noisy,flm_no_replay,exact,cap,enrich,enrich,1,1,1,1,1,0,0
rag-noisy-20263915,rag,noisy,flm_full,exact,cap,enrich,enrich,1,1,1,1,1,0,0
rag-noisy-20263916,rag,noisy,final_symptom,exact,answer,,answer,0,0,0,0,1,0,0
rag-noisy-20263916,rag,noisy,component_heuristic,exact,cap,enrich,answer,0,1,0,0,1,0,0
rag-noisy-20263916,rag,noisy,flm_no_intervention,exact,cap,enrich,enrich,1,1,1,0,1,0,0
rag-noisy-20263916,rag,noisy,flm_no_replay,exact,cap,enrich,enrich,1,1,1,1,1,0,0
rag-noisy-20263916,rag,noisy,flm_full,exact,cap,enrich,enrich,1,1,1,1,1,0,0
rag-noisy-20263917,rag,noisy,final_symptom,exact,answer,,answer,0,0,0,0,1,0,0
rag-noisy-20263917,rag,noisy,component_heuristic,exact,answer,,answer,0,0,0,0,1,0,0
rag-noisy-20263917,rag,noisy,flm_no_intervention,exact,answer,,answer,0,0,0,0,1,0,0
rag-noisy-20263917,rag,noisy,flm_no_replay,exact,answer,,answer,0,0,0,0,1,0,0
rag-noisy-20263917,rag,noisy,flm_full,exact,answer,,answer,0,0,0,0,1,0,0
rag-noisy-20263918,rag,noisy,final_symptom,exact,answer,,answer,0,0,0,0,1,0,0
rag-noisy-20263918,rag,noisy,component_heuristic,exact,cap,enrich,answer,0,1,0,0,1,0,0
rag-noisy-20263918,rag,noisy,flm_no_intervention,exact,cap,enrich,enrich,1,1,1,0,1,0,0
rag-noisy-20263918,rag,noisy,flm_no_replay,exact,cap,enrich,enrich,1,1,1,1,1,0,0
rag-noisy-20263918,rag,noisy,flm_full,exact,cap,enrich,enrich,1,1,1,1,1,0,0
rag-noisy-20263919,rag,noisy,final_symptom,exact,answer,,answer,0,0,0,0,1,0,0
rag-noisy-20263919,rag,noisy,component_heuristic,exact,cap,enrich,answer,0,1,0,0,1,0,0
rag-noisy-20263919,rag,noisy,flm_no_intervention,exact,cap,enrich,enrich,1,1,1,0,1,0,0
rag-noisy-20263919,rag,noisy,flm_no_replay,exact,cap,enrich,enrich,1,1,1,1,1,0,0
rag-noisy-20263919,rag,noisy,flm_full,exact,cap,enrich,enrich,1,1,1,1,1,0,0
rag-noisy-20263920,rag,noisy,final_symptom,exact,answer,,answer,0,0,0,0,1,0,0
rag-noisy-20263920,rag,noisy,component_heuristic,exact,cap,enrich,answer,0,1,0,0,1,0,0
rag-noisy-20263920,rag,noisy,flm_no_intervention,exact,answer,,answer,0,0,0,0,1,0,0
rag-noisy-20263920,rag,noisy,flm_no_replay,exact,cap,enrich,enrich,1,1,1,1,1,0,0
rag-noisy-20263920,rag,noisy,flm_full,exact,answer,,answer,0,0,0,0,1,0,0
rag-noisy-20263921,rag,noisy,final_symptom,exact,answer,,answer,0,0,0,0,1,0,0
rag-noisy-20263921,rag,noisy,component_heuristic,exact,cap,enrich,answer,0,1,0,0,1,0,0
rag-noisy-20263921,rag,noisy,flm_no_intervention,exact,cap,enrich,enrich,1,1,1,0,1,0,0
rag-noisy-20263921,rag,noisy,flm_no_replay,exact,cap,enrich,enrich,1,1,1,1,1,0,0
rag-noisy-20263921,rag,noisy,flm_full,exact,cap,enrich,enrich,1,1,1,1,1,0,0
rag-noisy-20263922,rag,noisy,final_symptom,exact,answer,,answer,0,0,0,0,1,0,0
rag-noisy-20263922,rag,noisy,component_heuristic,exact,cap,enrich,answer,0,1,0,0,1,0,0
rag-noisy-20263922,rag,noisy,flm_no_intervention,exact,cap,enrich,enrich,1,1,1,0,1,0,0
rag-noisy-20263922,rag,noisy,flm_no_replay,exact,cap,enrich,enrich,1,1,1,1,1,0,0
rag-noisy-20263922,rag,noisy,flm_full,exact,cap,enrich,enrich,1,1,1,1,1,0,0
rag-noisy-20263923,rag,noisy,final_symptom,exact,answer,,answer,0,0,0,0,1,0,0
rag-noisy-20263923,rag,noisy,component_heuristic,exact,cap,enrich,answer,0,1,0,0,1,0,0
rag-noisy-20263923,rag,noisy,flm_no_intervention,exact,cap,enrich,enrich,1,1,1,0,1,0,0
rag-noisy-20263923,rag,noisy,flm_no_replay,exact,cap,enrich,enrich,1,1,1,1,1,0,0
rag-noisy-20263923,rag,noisy,flm_full,exact,cap,enrich,enrich,1,1,1,1,1,0,0
rag-noisy-20263924,rag,noisy,final_symptom,exact,answer,,answer,0,0,0,0,1,0,0
rag-noisy-20263924,rag,noisy,component_heuristic,exact,cap,enrich,answer,0,1,0,0,1,0,0
rag-noisy-20263924,rag,noisy,flm_no_intervention,exact,cap,enrich,enrich,1,1,1,0,1,0,0
rag-noisy-20263924,rag,noisy,flm_no_replay,exact,cap,enrich,enrich,1,1,1,1,1,0,0
rag-noisy-20263924,rag,noisy,flm_full,exact,cap,enrich,enrich,1,1,1,1,1,0,0
rag-noisy-20263925,rag,noisy,final_symptom,exact,answer,,answer,0,0,0,0,1,0,0
rag-noisy-20263925,rag,noisy,component_heuristic,exact,cap,enrich,answer,0,1,0,0,1,0,0
rag-noisy-20263925,rag,noisy,flm_no_intervention,exact,cap,enrich,enrich,1,1,1,0,1,0,0
rag-noisy-20263925,rag,noisy,flm_no_replay,exact,cap,enrich,enrich,1,1,1,1,1,0,0
rag-noisy-20263925,rag,noisy,flm_full,exact,cap,enrich,enrich,1,1,1,1,1,0,0
rag-noisy-20263926,rag,noisy,final_symptom,exact,answer,,answer,0,0,0,0,1,0,0
rag-noisy-20263926,rag,noisy,component_heuristic,exact,cap,enrich,answer,0,1,0,0,1,0,0
rag-noisy-20263926,rag,noisy,flm_no_intervention,exact,cap,enrich,enrich,1,1,1,0,1,0,0
rag-noisy-20263926,rag,noisy,flm_no_replay,exact,cap,enrich,enrich,1,1,1,1,1,0,0
rag-noisy-20263926,rag,noisy,flm_full,exact,cap,enrich,enrich,1,1,1,1,1,0,0
rag-noisy-20263927,rag,noisy,final_symptom,exact,answer,,answer,0,0,0,0,1,0,0
rag-noisy-20263927,rag,noisy,component_heuristic,exact,cap,enrich,answer,0,1,0,0,1,0,0
rag-noisy-20263927,rag,noisy,flm_no_intervention,exact,answer,,answer,0,0,0,0,1,0,0
rag-noisy-20263927,rag,noisy,flm_no_replay,exact,cap,enrich,enrich,1,1,1,1,1,0,0
rag-noisy-20263927,rag,noisy,flm_full,exact,answer,,answer,0,0,0,0,1,0,0
rag-noisy-20263928,rag,noisy,final_symptom,exact,answer,,answer,0,0,0,0,1,0,0
rag-noisy-20263928,rag,noisy,component_heuristic,exact,cap,enrich,answer,0,1,0,0,1,0,0
rag-noisy-20263928,rag,noisy,flm_no_intervention,exact,cap,enrich,enrich,1,1,1,0,1,0,0
rag-noisy-20263928,rag,noisy,flm_no_replay,exact,cap,enrich,enrich,1,1,1,1,1,0,0
rag-noisy-20263928,rag,noisy,flm_full,exact,cap,enrich,enrich,1,1,1,1,1,0,0
rag-noisy-20263929,rag,noisy,final_symptom,exact,answer,,answer,0,0,0,0,1,0,0
rag-noisy-20263929,rag,noisy,component_heuristic,exact,answer,,answer,0,0,0,0,1,0,0
rag-noisy-20263929,rag,noisy,flm_no_intervention,exact,cap,enrich,enrich,1,1,1,0,1,0,0
rag-noisy-20263929,rag,noisy,flm_no_replay,exact,answer,,answer,0,0,0,0,1,0,0
rag-noisy-20263929,rag,noisy,flm_full,exact,cap,enrich,enrich,1,1,1,1,1,0,0
rag-noisy-20263930,rag,noisy,final_symptom,exact,answer,,answer,0,0,0,0,1,0,0
rag-noisy-20263930,rag,noisy,component_heuristic,exact,cap,enrich,answer,0,1,0,0,1,0,0
rag-noisy-20263930,rag,noisy,flm_no_intervention,exact,cap,enrich,enrich,1,1,1,0,1,0,0
rag-noisy-20263930,rag,noisy,flm_no_replay,exact,cap,enrich,enrich,1,1,1,1,1,0,0
rag-noisy-20263930,rag,noisy,flm_full,exact,cap,enrich,enrich,1,1,1,1,1,0,0
rag-nonlocal-20264911,rag,nonlocal,final_symptom,exact,answer,,answer,0,0,0,0,0,1,1
rag-nonlocal-20264911,rag,nonlocal,component_heuristic,exact,answer,,answer,0,0,0,0,0,1,1
rag-nonlocal-20264911,rag,nonlocal,flm_no_intervention,exception,answer,,,1,0,0,0,0,0,1
rag-nonlocal-20264911,rag,nonlocal,flm_no_replay,exception,answer,,,1,0,0,0,0,0,1
rag-nonlocal-20264911,rag,nonlocal,flm_full,exception,answer,,,1,0,0,0,0,0,1
rag-nonlocal-20264912,rag,nonlocal,final_symptom,exact,answer,,answer,0,0,0,0,0,1,1
rag-nonlocal-20264912,rag,nonlocal,component_heuristic,exact,answer,,answer,0,0,0,0,0,1,1
rag-nonlocal-20264912,rag,nonlocal,flm_no_intervention,exception,answer,,,1,0,0,0,0,0,1
rag-nonlocal-20264912,rag,nonlocal,flm_no_replay,exception,answer,,,1,0,0,0,0,0,1
rag-nonlocal-20264912,rag,nonlocal,flm_full,exception,answer,,,1,0,0,0,0,0,1
rag-nonlocal-20264913,rag,nonlocal,final_symptom,exact,answer,,answer,0,0,0,0,0,1,1
rag-nonlocal-20264913,rag,nonlocal,component_heuristic,exact,answer,,answer,0,0,0,0,0,1,1
rag-nonlocal-20264913,rag,nonlocal,flm_no_intervention,exception,answer,,,1,0,0,0,0,0,1
rag-nonlocal-20264913,rag,nonlocal,flm_no_replay,exception,answer,,,1,0,0,0,0,0,1
rag-nonlocal-20264913,rag,nonlocal,flm_full,exception,answer,,,1,0,0,0,0,0,1
rag-nonlocal-20264914,rag,nonlocal,final_symptom,exact,answer,,answer,0,0,0,0,0,1,1
rag-nonlocal-20264914,rag,nonlocal,component_heuristic,exact,answer,,answer,0,0,0,0,0,1,1
rag-nonlocal-20264914,rag,nonlocal,flm_no_intervention,exception,answer,,,1,0,0,0,0,0,1
rag-nonlocal-20264914,rag,nonlocal,flm_no_replay,exception,answer,,,1,0,0,0,0,0,1
rag-nonlocal-20264914,rag,nonlocal,flm_full,exception,answer,,,1,0,0,0,0,0,1
rag-nonlocal-20264915,rag,nonlocal,final_symptom,exact,answer,,answer,0,0,0,0,0,1,1
rag-nonlocal-20264915,rag,nonlocal,component_heuristic,exact,answer,,answer,0,0,0,0,0,1,1
rag-nonlocal-20264915,rag,nonlocal,flm_no_intervention,exception,answer,,,1,0,0,0,0,0,1
rag-nonlocal-20264915,rag,nonlocal,flm_no_replay,exception,answer,,,1,0,0,0,0,0,1
rag-nonlocal-20264915,rag,nonlocal,flm_full,exception,answer,,,1,0,0,0,0,0,1
rag-nonlocal-20264916,rag,nonlocal,final_symptom,exact,answer,,answer,0,0,0,0,0,1,1
rag-nonlocal-20264916,rag,nonlocal,component_heuristic,exact,answer,,answer,0,0,0,0,0,1,1
rag-nonlocal-20264916,rag,nonlocal,flm_no_intervention,exception,answer,,,1,0,0,0,0,0,1
rag-nonlocal-20264916,rag,nonlocal,flm_no_replay,exception,answer,,,1,0,0,0,0,0,1
rag-nonlocal-20264916,rag,nonlocal,flm_full,exception,answer,,,1,0,0,0,0,0,1
rag-nonlocal-20264917,rag,nonlocal,final_symptom,exact,answer,,answer,0,0,0,0,0,1,1
rag-nonlocal-20264917,rag,nonlocal,component_heuristic,exact,answer,,answer,0,0,0,0,0,1,1
rag-nonlocal-20264917,rag,nonlocal,flm_no_intervention,exception,answer,,,1,0,0,0,0,0,1
rag-nonlocal-20264917,rag,nonlocal,flm_no_replay,exception,answer,,,1,0,0,0,0,0,1
rag-nonlocal-20264917,rag,nonlocal,flm_full,exception,answer,,,1,0,0,0,0,0,1
rag-nonlocal-20264918,rag,nonlocal,final_symptom,exact,answer,,answer,0,0,0,0,0,1,1
rag-nonlocal-20264918,rag,nonlocal,component_heuristic,exact,answer,,answer,0,0,0,0,0,1,1
rag-nonlocal-20264918,rag,nonlocal,flm_no_intervention,exception,answer,,,1,0,0,0,0,0,1
rag-nonlocal-20264918,rag,nonlocal,flm_no_replay,exception,answer,,,1,0,0,0,0,0,1
rag-nonlocal-20264918,rag,nonlocal,flm_full,exception,answer,,,1,0,0,0,0,0,1
rag-nonlocal-20264919,rag,nonlocal,final_symptom,exact,answer,,answer,0,0,0,0,0,1,1
rag-nonlocal-20264919,rag,nonlocal,component_heuristic,exact,answer,,answer,0,0,0,0,0,1,1
rag-nonlocal-20264919,rag,nonlocal,flm_no_intervention,exception,answer,,,1,0,0,0,0,0,1
rag-nonlocal-20264919,rag,nonlocal,flm_no_replay,exception,answer,,,1,0,0,0,0,0,1
rag-nonlocal-20264919,rag,nonlocal,flm_full,exception,answer,,,1,0,0,0,0,0,1
rag-nonlocal-20264920,rag,nonlocal,final_symptom,exact,answer,,answer,0,0,0,0,0,1,1
rag-nonlocal-20264920,rag,nonlocal,component_heuristic,exact,answer,,answer,0,0,0,0,0,1,1
rag-nonlocal-20264920,rag,nonlocal,flm_no_intervention,exception,answer,,,1,0,0,0,0,0,1
rag-nonlocal-20264920,rag,nonlocal,flm_no_replay,exception,answer,,,1,0,0,0,0,0,1
rag-nonlocal-20264920,rag,nonlocal,flm_full,exception,answer,,,1,0,0,0,0,0,1
rag-nonlocal-20264921,rag,nonlocal,final_symptom,exact,answer,,answer,0,0,0,0,0,1,1
rag-nonlocal-20264921,rag,nonlocal,component_heuristic,exact,answer,,answer,0,0,0,0,0,1,1
rag-nonlocal-20264921,rag,nonlocal,flm_no_intervention,exception,answer,,,1,0,0,0,0,0,1
rag-nonlocal-20264921,rag,nonlocal,flm_no_replay,exception,answer,,,1,0,0,0,0,0,1
rag-nonlocal-20264921,rag,nonlocal,flm_full,exception,answer,,,1,0,0,0,0,0,1
rag-nonlocal-20264922,rag,nonlocal,final_symptom,exact,answer,,answer,0,0,0,0,0,1,1
rag-nonlocal-20264922,rag,nonlocal,component_heuristic,exact,answer,,answer,0,0,0,0,0,1,1
rag-nonlocal-20264922,rag,nonlocal,flm_no_intervention,exception,answer,,,1,0,0,0,0,0,1
rag-nonlocal-20264922,rag,nonlocal,flm_no_replay,exception,answer,,,1,0,0,0,0,0,1
rag-nonlocal-20264922,rag,nonlocal,flm_full,exception,answer,,,1,0,0,0,0,0,1
rag-nonlocal-20264923,rag,nonlocal,final_symptom,exact,answer,,answer,0,0,0,0,0,1,1
rag-nonlocal-20264923,rag,nonlocal,component_heuristic,exact,answer,,answer,0,0,0,0,0,1,1
rag-nonlocal-20264923,rag,nonlocal,flm_no_intervention,exception,answer,,,1,0,0,0,0,0,1
rag-nonlocal-20264923,rag,nonlocal,flm_no_replay,exception,answer,,,1,0,0,0,0,0,1
rag-nonlocal-20264923,rag,nonlocal,flm_full,exception,answer,,,1,0,0,0,0,0,1
rag-nonlocal-20264924,rag,nonlocal,final_symptom,exact,answer,,answer,0,0,0,0,0,1,1
rag-nonlocal-20264924,rag,nonlocal,component_heuristic,exact,answer,,answer,0,0,0,0,0,1,1
rag-nonlocal-20264924,rag,nonlocal,flm_no_intervention,exception,answer,,,1,0,0,0,0,0,1
rag-nonlocal-20264924,rag,nonlocal,flm_no_replay,exception,answer,,,1,0,0,0,0,0,1
rag-nonlocal-20264924,rag,nonlocal,flm_full,exception,answer,,,1,0,0,0,0,0,1
rag-nonlocal-20264925,rag,nonlocal,final_symptom,exact,answer,,answer,0,0,0,0,0,1,1
rag-nonlocal-20264925,rag,nonlocal,component_heuristic,exact,answer,,answer,0,0,0,0,0,1,1
rag-nonlocal-20264925,rag,nonlocal,flm_no_intervention,exception,answer,,,1,0,0,0,0,0,1
rag-nonlocal-20264925,rag,nonlocal,flm_no_replay,exception,answer,,,1,0,0,0,0,0,1
rag-nonlocal-20264925,rag,nonlocal,flm_full,exception,answer,,,1,0,0,0,0,0,1
rag-nonlocal-20264926,rag,nonlocal,final_symptom,exact,answer,,answer,0,0,0,0,0,1,1
rag-nonlocal-20264926,rag,nonlocal,component_heuristic,exact,answer,,answer,0,0,0,0,0,1,1
rag-nonlocal-20264926,rag,nonlocal,flm_no_intervention,exception,answer,,,1,0,0,0,0,0,1
rag-nonlocal-20264926,rag,nonlocal,flm_no_replay,exception,answer,,,1,0,0,0,0,0,1
rag-nonlocal-20264926,rag,nonlocal,flm_full,exception,answer,,,1,0,0,0,0,0,1
rag-nonlocal-20264927,rag,nonlocal,final_symptom,exact,answer,,answer,0,0,0,0,0,1,1
rag-nonlocal-20264927,rag,nonlocal,component_heuristic,exact,answer,,answer,0,0,0,0,0,1,1
rag-nonlocal-20264927,rag,nonlocal,flm_no_intervention,exception,answer,,,1,0,0,0,0,0,1
rag-nonlocal-20264927,rag,nonlocal,flm_no_replay,exception,answer,,,1,0,0,0,0,0,1
rag-nonlocal-20264927,rag,nonlocal,flm_full,exception,answer,,,1,0,0,0,0,0,1
rag-nonlocal-20264928,rag,nonlocal,final_symptom,exact,answer,,answer,0,0,0,0,0,1,1
rag-nonlocal-20264928,rag,nonlocal,component_heuristic,exact,answer,,answer,0,0,0,0,0,1,1
rag-nonlocal-20264928,rag,nonlocal,flm_no_intervention,exception,answer,,,1,0,0,0,0,0,1
rag-nonlocal-20264928,rag,nonlocal,flm_no_replay,exception,answer,,,1,0,0,0,0,0,1
rag-nonlocal-20264928,rag,nonlocal,flm_full,exception,answer,,,1,0,0,0,0,0,1
rag-nonlocal-20264929,rag,nonlocal,final_symptom,exact,answer,,answer,0,0,0,0,0,1,1
rag-nonlocal-20264929,rag,nonlocal,component_heuristic,exact,answer,,answer,0,0,0,0,0,1,1
rag-nonlocal-20264929,rag,nonlocal,flm_no_intervention,exception,answer,,,1,0,0,0,0,0,1
rag-nonlocal-20264929,rag,nonlocal,flm_no_replay,exception,answer,,,1,0,0,0,0,0,1
rag-nonlocal-20264929,rag,nonlocal,flm_full,exception,answer,,,1,0,0,0,0,0,1
rag-nonlocal-20264930,rag,nonlocal,final_symptom,exact,answer,,answer,0,0,0,0,0,1,1
rag-nonlocal-20264930,rag,nonlocal,component_heuristic,exact,answer,,answer,0,0,0,0,0,1,1
rag-nonlocal-20264930,rag,nonlocal,flm_no_intervention,exception,answer,,,1,0,0,0,0,0,1
rag-nonlocal-20264930,rag,nonlocal,flm_no_replay,exception,answer,,,1,0,0,0,0,0,1
rag-nonlocal-20264930,rag,nonlocal,flm_full,exception,answer,,,1,0,0,0,0,0,1
rag-reacquired-20265911,rag,reacquired,final_symptom,exact,answer,,answer,0,0,0,0,0,1,1
rag-reacquired-20265911,rag,reacquired,component_heuristic,exact,retrieve,,answer,0,0,0,0,0,1,1
rag-reacquired-20265911,rag,reacquired,flm_no_intervention,reacquired,retrieve,,,1,0,0,0,0,0,1
rag-reacquired-20265911,rag,reacquired,flm_no_replay,reacquired,retrieve,,,1,0,0,0,0,0,1
rag-reacquired-20265911,rag,reacquired,flm_full,reacquired,retrieve,,,1,0,0,0,0,0,1
rag-reacquired-20265912,rag,reacquired,final_symptom,exact,answer,,answer,0,0,0,0,0,1,1
rag-reacquired-20265912,rag,reacquired,component_heuristic,exact,retrieve,,answer,0,0,0,0,0,1,1
rag-reacquired-20265912,rag,reacquired,flm_no_intervention,reacquired,retrieve,,,1,0,0,0,0,0,1
rag-reacquired-20265912,rag,reacquired,flm_no_replay,reacquired,retrieve,,,1,0,0,0,0,0,1
rag-reacquired-20265912,rag,reacquired,flm_full,reacquired,retrieve,,,1,0,0,0,0,0,1
rag-reacquired-20265913,rag,reacquired,final_symptom,exact,answer,,answer,0,0,0,0,0,1,1
rag-reacquired-20265913,rag,reacquired,component_heuristic,exact,retrieve,,answer,0,0,0,0,0,1,1
rag-reacquired-20265913,rag,reacquired,flm_no_intervention,reacquired,retrieve,,,1,0,0,0,0,0,1
rag-reacquired-20265913,rag,reacquired,flm_no_replay,reacquired,retrieve,,,1,0,0,0,0,0,1
rag-reacquired-20265913,rag,reacquired,flm_full,reacquired,retrieve,,,1,0,0,0,0,0,1
rag-reacquired-20265914,rag,reacquired,final_symptom,exact,answer,,answer,0,0,0,0,0,1,1
rag-reacquired-20265914,rag,reacquired,component_heuristic,exact,retrieve,,answer,0,0,0,0,0,1,1
rag-reacquired-20265914,rag,reacquired,flm_no_intervention,reacquired,retrieve,,,1,0,0,0,0,0,1
rag-reacquired-20265914,rag,reacquired,flm_no_replay,reacquired,retrieve,,,1,0,0,0,0,0,1
rag-reacquired-20265914,rag,reacquired,flm_full,reacquired,retrieve,,,1,0,0,0,0,0,1
rag-reacquired-20265915,rag,reacquired,final_symptom,exact,answer,,answer,0,0,0,0,0,1,1
rag-reacquired-20265915,rag,reacquired,component_heuristic,exact,retrieve,,answer,0,0,0,0,0,1,1
rag-reacquired-20265915,rag,reacquired,flm_no_intervention,reacquired,retrieve,,,1,0,0,0,0,0,1
rag-reacquired-20265915,rag,reacquired,flm_no_replay,reacquired,retrieve,,,1,0,0,0,0,0,1
rag-reacquired-20265915,rag,reacquired,flm_full,reacquired,retrieve,,,1,0,0,0,0,0,1
rag-reacquired-20265916,rag,reacquired,final_symptom,exact,answer,,answer,0,0,0,0,0,1,1
rag-reacquired-20265916,rag,reacquired,component_heuristic,exact,retrieve,,answer,0,0,0,0,0,1,1
rag-reacquired-20265916,rag,reacquired,flm_no_intervention,reacquired,retrieve,,,1,0,0,0,0,0,1
rag-reacquired-20265916,rag,reacquired,flm_no_replay,reacquired,retrieve,,,1,0,0,0,0,0,1
rag-reacquired-20265916,rag,reacquired,flm_full,reacquired,retrieve,,,1,0,0,0,0,0,1
rag-reacquired-20265917,rag,reacquired,final_symptom,exact,answer,,answer,0,0,0,0,0,1,1
rag-reacquired-20265917,rag,reacquired,component_heuristic,exact,retrieve,,answer,0,0,0,0,0,1,1
rag-reacquired-20265917,rag,reacquired,flm_no_intervention,reacquired,retrieve,,,1,0,0,0,0,0,1
rag-reacquired-20265917,rag,reacquired,flm_no_replay,reacquired,retrieve,,,1,0,0,0,0,0,1
rag-reacquired-20265917,rag,reacquired,flm_full,reacquired,retrieve,,,1,0,0,0,0,0,1
rag-reacquired-20265918,rag,reacquired,final_symptom,exact,answer,,answer,0,0,0,0,0,1,1
rag-reacquired-20265918,rag,reacquired,component_heuristic,exact,retrieve,,answer,0,0,0,0,0,1,1
rag-reacquired-20265918,rag,reacquired,flm_no_intervention,reacquired,retrieve,,,1,0,0,0,0,0,1
rag-reacquired-20265918,rag,reacquired,flm_no_replay,reacquired,retrieve,,,1,0,0,0,0,0,1
rag-reacquired-20265918,rag,reacquired,flm_full,reacquired,retrieve,,,1,0,0,0,0,0,1
rag-reacquired-20265919,rag,reacquired,final_symptom,exact,answer,,answer,0,0,0,0,0,1,1
rag-reacquired-20265919,rag,reacquired,component_heuristic,exact,retrieve,,answer,0,0,0,0,0,1,1
rag-reacquired-20265919,rag,reacquired,flm_no_intervention,reacquired,retrieve,,,1,0,0,0,0,0,1
rag-reacquired-20265919,rag,reacquired,flm_no_replay,reacquired,retrieve,,,1,0,0,0,0,0,1
rag-reacquired-20265919,rag,reacquired,flm_full,reacquired,retrieve,,,1,0,0,0,0,0,1
rag-reacquired-20265920,rag,reacquired,final_symptom,exact,answer,,answer,0,0,0,0,0,1,1
rag-reacquired-20265920,rag,reacquired,component_heuristic,exact,retrieve,,answer,0,0,0,0,0,1,1
rag-reacquired-20265920,rag,reacquired,flm_no_intervention,reacquired,retrieve,,,1,0,0,0,0,0,1
rag-reacquired-20265920,rag,reacquired,flm_no_replay,reacquired,retrieve,,,1,0,0,0,0,0,1
rag-reacquired-20265920,rag,reacquired,flm_full,reacquired,retrieve,,,1,0,0,0,0,0,1
rag-reacquired-20265921,rag,reacquired,final_symptom,exact,answer,,answer,0,0,0,0,0,1,1
rag-reacquired-20265921,rag,reacquired,component_heuristic,exact,retrieve,,answer,0,0,0,0,0,1,1
rag-reacquired-20265921,rag,reacquired,flm_no_intervention,reacquired,retrieve,,,1,0,0,0,0,0,1
rag-reacquired-20265921,rag,reacquired,flm_no_replay,reacquired,retrieve,,,1,0,0,0,0,0,1
rag-reacquired-20265921,rag,reacquired,flm_full,reacquired,retrieve,,,1,0,0,0,0,0,1
rag-reacquired-20265922,rag,reacquired,final_symptom,exact,answer,,answer,0,0,0,0,0,1,1
rag-reacquired-20265922,rag,reacquired,component_heuristic,exact,retrieve,,answer,0,0,0,0,0,1,1
rag-reacquired-20265922,rag,reacquired,flm_no_intervention,reacquired,retrieve,,,1,0,0,0,0,0,1
rag-reacquired-20265922,rag,reacquired,flm_no_replay,reacquired,retrieve,,,1,0,0,0,0,0,1
rag-reacquired-20265922,rag,reacquired,flm_full,reacquired,retrieve,,,1,0,0,0,0,0,1
rag-reacquired-20265923,rag,reacquired,final_symptom,exact,answer,,answer,0,0,0,0,0,1,1
rag-reacquired-20265923,rag,reacquired,component_heuristic,exact,retrieve,,answer,0,0,0,0,0,1,1
rag-reacquired-20265923,rag,reacquired,flm_no_intervention,reacquired,retrieve,,,1,0,0,0,0,0,1
rag-reacquired-20265923,rag,reacquired,flm_no_replay,reacquired,retrieve,,,1,0,0,0,0,0,1
rag-reacquired-20265923,rag,reacquired,flm_full,reacquired,retrieve,,,1,0,0,0,0,0,1
rag-reacquired-20265924,rag,reacquired,final_symptom,exact,answer,,answer,0,0,0,0,0,1,1
rag-reacquired-20265924,rag,reacquired,component_heuristic,exact,retrieve,,answer,0,0,0,0,0,1,1
rag-reacquired-20265924,rag,reacquired,flm_no_intervention,reacquired,retrieve,,,1,0,0,0,0,0,1
rag-reacquired-20265924,rag,reacquired,flm_no_replay,reacquired,retrieve,,,1,0,0,0,0,0,1
rag-reacquired-20265924,rag,reacquired,flm_full,reacquired,retrieve,,,1,0,0,0,0,0,1
rag-reacquired-20265925,rag,reacquired,final_symptom,exact,answer,,answer,0,0,0,0,0,1,1
rag-reacquired-20265925,rag,reacquired,component_heuristic,exact,retrieve,,answer,0,0,0,0,0,1,1
rag-reacquired-20265925,rag,reacquired,flm_no_intervention,reacquired,retrieve,,,1,0,0,0,0,0,1
rag-reacquired-20265925,rag,reacquired,flm_no_replay,reacquired,retrieve,,,1,0,0,0,0,0,1
rag-reacquired-20265925,rag,reacquired,flm_full,reacquired,retrieve,,,1,0,0,0,0,0,1
rag-reacquired-20265926,rag,reacquired,final_symptom,exact,answer,,answer,0,0,0,0,0,1,1
rag-reacquired-20265926,rag,reacquired,component_heuristic,exact,retrieve,,answer,0,0,0,0,0,1,1
rag-reacquired-20265926,rag,reacquired,flm_no_intervention,reacquired,retrieve,,,1,0,0,0,0,0,1
rag-reacquired-20265926,rag,reacquired,flm_no_replay,reacquired,retrieve,,,1,0,0,0,0,0,1
rag-reacquired-20265926,rag,reacquired,flm_full,reacquired,retrieve,,,1,0,0,0,0,0,1
rag-reacquired-20265927,rag,reacquired,final_symptom,exact,answer,,answer,0,0,0,0,0,1,1
rag-reacquired-20265927,rag,reacquired,component_heuristic,exact,retrieve,,answer,0,0,0,0,0,1,1
rag-reacquired-20265927,rag,reacquired,flm_no_intervention,reacquired,retrieve,,,1,0,0,0,0,0,1
rag-reacquired-20265927,rag,reacquired,flm_no_replay,reacquired,retrieve,,,1,0,0,0,0,0,1
rag-reacquired-20265927,rag,reacquired,flm_full,reacquired,retrieve,,,1,0,0,0,0,0,1
rag-reacquired-20265928,rag,reacquired,final_symptom,exact,answer,,answer,0,0,0,0,0,1,1
rag-reacquired-20265928,rag,reacquired,component_heuristic,exact,retrieve,,answer,0,0,0,0,0,1,1
rag-reacquired-20265928,rag,reacquired,flm_no_intervention,reacquired,retrieve,,,1,0,0,0,0,0,1
rag-reacquired-20265928,rag,reacquired,flm_no_replay,reacquired,retrieve,,,1,0,0,0,0,0,1
rag-reacquired-20265928,rag,reacquired,flm_full,reacquired,retrieve,,,1,0,0,0,0,0,1
rag-reacquired-20265929,rag,reacquired,final_symptom,exact,answer,,answer,0,0,0,0,0,1,1
rag-reacquired-20265929,rag,reacquired,component_heuristic,exact,retrieve,,answer,0,0,0,0,0,1,1
rag-reacquired-20265929,rag,reacquired,flm_no_intervention,reacquired,retrieve,,,1,0,0,0,0,0,1
rag-reacquired-20265929,rag,reacquired,flm_no_replay,reacquired,retrieve,,,1,0,0,0,0,0,1
rag-reacquired-20265929,rag,reacquired,flm_full,reacquired,retrieve,,,1,0,0,0,0,0,1
rag-reacquired-20265930,rag,reacquired,final_symptom,exact,answer,,answer,0,0,0,0,0,1,1
rag-reacquired-20265930,rag,reacquired,component_heuristic,exact,retrieve,,answer,0,0,0,0,0,1,1
rag-reacquired-20265930,rag,reacquired,flm_no_intervention,reacquired,retrieve,,,1,0,0,0,0,0,1
rag-reacquired-20265930,rag,reacquired,flm_no_replay,reacquired,retrieve,,,1,0,0,0,0,0,1
rag-reacquired-20265930,rag,reacquired,flm_full,reacquired,retrieve,,,1,0,0,0,0,0,1
etl-local-20270911,etl,local,final_symptom,exact,sink,,sink,0,0,0,0,1,0,0
etl-local-20270911,etl,local,component_heuristic,exact,join,map,sink,0,1,0,0,1,0,0
etl-local-20270911,etl,local,flm_no_intervention,exact,join,map,map,1,1,1,0,1,0,0
etl-local-20270911,etl,local,flm_no_replay,exact,join,map,map,1,1,1,1,1,0,0
etl-local-20270911,etl,local,flm_full,exact,join,map,map,1,1,1,1,1,0,0
etl-local-20270912,etl,local,final_symptom,exact,sink,,sink,0,0,0,0,1,0,0
etl-local-20270912,etl,local,component_heuristic,exact,join,map,sink,0,1,0,0,1,0,0
etl-local-20270912,etl,local,flm_no_intervention,exact,join,map,map,1,1,1,0,1,0,0
etl-local-20270912,etl,local,flm_no_replay,exact,join,map,map,1,1,1,1,1,0,0
etl-local-20270912,etl,local,flm_full,exact,join,map,map,1,1,1,1,1,0,0
etl-local-20270913,etl,local,final_symptom,exact,sink,,sink,0,0,0,0,1,0,0
etl-local-20270913,etl,local,component_heuristic,exact,join,map,sink,0,1,0,0,1,0,0
etl-local-20270913,etl,local,flm_no_intervention,exact,join,map,map,1,1,1,0,1,0,0
etl-local-20270913,etl,local,flm_no_replay,exact,join,map,map,1,1,1,1,1,0,0
etl-local-20270913,etl,local,flm_full,exact,join,map,map,1,1,1,1,1,0,0
etl-local-20270914,etl,local,final_symptom,exact,sink,,sink,0,0,0,0,1,0,0
etl-local-20270914,etl,local,component_heuristic,exact,join,map,sink,0,1,0,0,1,0,0
etl-local-20270914,etl,local,flm_no_intervention,exact,join,map,map,1,1,1,0,1,0,0
etl-local-20270914,etl,local,flm_no_replay,exact,join,map,map,1,1,1,1,1,0,0
etl-local-20270914,etl,local,flm_full,exact,join,map,map,1,1,1,1,1,0,0
etl-local-20270915,etl,local,final_symptom,exact,sink,,sink,0,0,0,0,1,0,0
etl-local-20270915,etl,local,component_heuristic,exact,join,map,sink,0,1,0,0,1,0,0
etl-local-20270915,etl,local,flm_no_intervention,exact,join,map,map,1,1,1,0,1,0,0
etl-local-20270915,etl,local,flm_no_replay,exact,join,map,map,1,1,1,1,1,0,0
etl-local-20270915,etl,local,flm_full,exact,join,map,map,1,1,1,1,1,0,0
etl-local-20270916,etl,local,final_symptom,exact,sink,,sink,0,0,0,0,1,0,0
etl-local-20270916,etl,local,component_heuristic,exact,join,map,sink,0,1,0,0,1,0,0
etl-local-20270916,etl,local,flm_no_intervention,exact,join,map,map,1,1,1,0,1,0,0
etl-local-20270916,etl,local,flm_no_replay,exact,join,map,map,1,1,1,1,1,0,0
etl-local-20270916,etl,local,flm_full,exact,join,map,map,1,1,1,1,1,0,0
etl-local-20270917,etl,local,final_symptom,exact,sink,,sink,0,0,0,0,1,0,0
etl-local-20270917,etl,local,component_heuristic,exact,join,map,sink,0,1,0,0,1,0,0
etl-local-20270917,etl,local,flm_no_intervention,exact,join,map,map,1,1,1,0,1,0,0
etl-local-20270917,etl,local,flm_no_replay,exact,join,map,map,1,1,1,1,1,0,0
etl-local-20270917,etl,local,flm_full,exact,join,map,map,1,1,1,1,1,0,0
etl-local-20270918,etl,local,final_symptom,exact,sink,,sink,0,0,0,0,1,0,0
etl-local-20270918,etl,local,component_heuristic,exact,join,map,sink,0,1,0,0,1,0,0
etl-local-20270918,etl,local,flm_no_intervention,exact,join,map,map,1,1,1,0,1,0,0
etl-local-20270918,etl,local,flm_no_replay,exact,join,map,map,1,1,1,1,1,0,0
etl-local-20270918,etl,local,flm_full,exact,join,map,map,1,1,1,1,1,0,0
etl-local-20270919,etl,local,final_symptom,exact,sink,,sink,0,0,0,0,1,0,0
etl-local-20270919,etl,local,component_heuristic,exact,join,map,sink,0,1,0,0,1,0,0
etl-local-20270919,etl,local,flm_no_intervention,exact,join,map,map,1,1,1,0,1,0,0
etl-local-20270919,etl,local,flm_no_replay,exact,join,map,map,1,1,1,1,1,0,0
etl-local-20270919,etl,local,flm_full,exact,join,map,map,1,1,1,1,1,0,0
etl-local-20270920,etl,local,final_symptom,exact,sink,,sink,0,0,0,0,1,0,0
etl-local-20270920,etl,local,component_heuristic,exact,join,map,sink,0,1,0,0,1,0,0
etl-local-20270920,etl,local,flm_no_intervention,exact,join,map,map,1,1,1,0,1,0,0
etl-local-20270920,etl,local,flm_no_replay,exact,join,map,map,1,1,1,1,1,0,0
etl-local-20270920,etl,local,flm_full,exact,join,map,map,1,1,1,1,1,0,0
etl-local-20270921,etl,local,final_symptom,exact,sink,,sink,0,0,0,0,1,0,0
etl-local-20270921,etl,local,component_heuristic,exact,join,map,sink,0,1,0,0,1,0,0
etl-local-20270921,etl,local,flm_no_intervention,exact,join,map,map,1,1,1,0,1,0,0
etl-local-20270921,etl,local,flm_no_replay,exact,join,map,map,1,1,1,1,1,0,0
etl-local-20270921,etl,local,flm_full,exact,join,map,map,1,1,1,1,1,0,0
etl-local-20270922,etl,local,final_symptom,exact,sink,,sink,0,0,0,0,1,0,0
etl-local-20270922,etl,local,component_heuristic,exact,join,map,sink,0,1,0,0,1,0,0
etl-local-20270922,etl,local,flm_no_intervention,exact,join,map,map,1,1,1,0,1,0,0
etl-local-20270922,etl,local,flm_no_replay,exact,join,map,map,1,1,1,1,1,0,0
etl-local-20270922,etl,local,flm_full,exact,join,map,map,1,1,1,1,1,0,0
etl-local-20270923,etl,local,final_symptom,exact,sink,,sink,0,0,0,0,1,0,0
etl-local-20270923,etl,local,component_heuristic,exact,join,map,sink,0,1,0,0,1,0,0
etl-local-20270923,etl,local,flm_no_intervention,exact,join,map,map,1,1,1,0,1,0,0
etl-local-20270923,etl,local,flm_no_replay,exact,join,map,map,1,1,1,1,1,0,0
etl-local-20270923,etl,local,flm_full,exact,join,map,map,1,1,1,1,1,0,0
etl-local-20270924,etl,local,final_symptom,exact,sink,,sink,0,0,0,0,1,0,0
etl-local-20270924,etl,local,component_heuristic,exact,join,map,sink,0,1,0,0,1,0,0
etl-local-20270924,etl,local,flm_no_intervention,exact,join,map,map,1,1,1,0,1,0,0
etl-local-20270924,etl,local,flm_no_replay,exact,join,map,map,1,1,1,1,1,0,0
etl-local-20270924,etl,local,flm_full,exact,join,map,map,1,1,1,1,1,0,0
etl-local-20270925,etl,local,final_symptom,exact,sink,,sink,0,0,0,0,1,0,0
etl-local-20270925,etl,local,component_heuristic,exact,join,map,sink,0,1,0,0,1,0,0
etl-local-20270925,etl,local,flm_no_intervention,exact,join,map,map,1,1,1,0,1,0,0
etl-local-20270925,etl,local,flm_no_replay,exact,join,map,map,1,1,1,1,1,0,0
etl-local-20270925,etl,local,flm_full,exact,join,map,map,1,1,1,1,1,0,0
etl-local-20270926,etl,local,final_symptom,exact,sink,,sink,0,0,0,0,1,0,0
etl-local-20270926,etl,local,component_heuristic,exact,join,map,sink,0,1,0,0,1,0,0
etl-local-20270926,etl,local,flm_no_intervention,exact,join,map,map,1,1,1,0,1,0,0
etl-local-20270926,etl,local,flm_no_replay,exact,join,map,map,1,1,1,1,1,0,0
etl-local-20270926,etl,local,flm_full,exact,join,map,map,1,1,1,1,1,0,0
etl-local-20270927,etl,local,final_symptom,exact,sink,,sink,0,0,0,0,1,0,0
etl-local-20270927,etl,local,component_heuristic,exact,join,map,sink,0,1,0,0,1,0,0
etl-local-20270927,etl,local,flm_no_intervention,exact,join,map,map,1,1,1,0,1,0,0
etl-local-20270927,etl,local,flm_no_replay,exact,join,map,map,1,1,1,1,1,0,0
etl-local-20270927,etl,local,flm_full,exact,join,map,map,1,1,1,1,1,0,0
etl-local-20270928,etl,local,final_symptom,exact,sink,,sink,0,0,0,0,1,0,0
etl-local-20270928,etl,local,component_heuristic,exact,join,map,sink,0,1,0,0,1,0,0
etl-local-20270928,etl,local,flm_no_intervention,exact,join,map,map,1,1,1,0,1,0,0
etl-local-20270928,etl,local,flm_no_replay,exact,join,map,map,1,1,1,1,1,0,0
etl-local-20270928,etl,local,flm_full,exact,join,map,map,1,1,1,1,1,0,0
etl-local-20270929,etl,local,final_symptom,exact,sink,,sink,0,0,0,0,1,0,0
etl-local-20270929,etl,local,component_heuristic,exact,join,map,sink,0,1,0,0,1,0,0
etl-local-20270929,etl,local,flm_no_intervention,exact,join,map,map,1,1,1,0,1,0,0
etl-local-20270929,etl,local,flm_no_replay,exact,join,map,map,1,1,1,1,1,0,0
etl-local-20270929,etl,local,flm_full,exact,join,map,map,1,1,1,1,1,0,0
etl-local-20270930,etl,local,final_symptom,exact,sink,,sink,0,0,0,0,1,0,0
etl-local-20270930,etl,local,component_heuristic,exact,join,map,sink,0,1,0,0,1,0,0
etl-local-20270930,etl,local,flm_no_intervention,exact,join,map,map,1,1,1,0,1,0,0
etl-local-20270930,etl,local,flm_no_replay,exact,join,map,map,1,1,1,1,1,0,0
etl-local-20270930,etl,local,flm_full,exact,join,map,map,1,1,1,1,1,0,0
etl-direct-20271911,etl,direct,final_symptom,exact,sink,,sink,0,0,0,0,1,0,0
etl-direct-20271911,etl,direct,component_heuristic,exact,join,,sink,0,1,0,0,1,0,0
etl-direct-20271911,etl,direct,flm_no_intervention,exact,join,,join,1,1,1,0,1,0,0
etl-direct-20271911,etl,direct,flm_no_replay,exact,join,,join,1,1,1,1,1,0,0
etl-direct-20271911,etl,direct,flm_full,exact,join,,join,1,1,1,1,1,0,0
etl-direct-20271912,etl,direct,final_symptom,exact,sink,,sink,0,0,0,0,1,0,0
etl-direct-20271912,etl,direct,component_heuristic,exact,join,,sink,0,1,0,0,1,0,0
etl-direct-20271912,etl,direct,flm_no_intervention,exact,join,,join,1,1,1,0,1,0,0
etl-direct-20271912,etl,direct,flm_no_replay,exact,join,,join,1,1,1,1,1,0,0
etl-direct-20271912,etl,direct,flm_full,exact,join,,join,1,1,1,1,1,0,0
etl-direct-20271913,etl,direct,final_symptom,exact,sink,,sink,0,0,0,0,1,0,0
etl-direct-20271913,etl,direct,component_heuristic,exact,join,,sink,0,1,0,0,1,0,0
etl-direct-20271913,etl,direct,flm_no_intervention,exact,join,,join,1,1,1,0,1,0,0
etl-direct-20271913,etl,direct,flm_no_replay,exact,join,,join,1,1,1,1,1,0,0
etl-direct-20271913,etl,direct,flm_full,exact,join,,join,1,1,1,1,1,0,0
etl-direct-20271914,etl,direct,final_symptom,exact,sink,,sink,0,0,0,0,1,0,0
etl-direct-20271914,etl,direct,component_heuristic,exact,join,,sink,0,1,0,0,1,0,0
etl-direct-20271914,etl,direct,flm_no_intervention,exact,join,,join,1,1,1,0,1,0,0
etl-direct-20271914,etl,direct,flm_no_replay,exact,join,,join,1,1,1,1,1,0,0
etl-direct-20271914,etl,direct,flm_full,exact,join,,join,1,1,1,1,1,0,0
etl-direct-20271915,etl,direct,final_symptom,exact,sink,,sink,0,0,0,0,1,0,0
etl-direct-20271915,etl,direct,component_heuristic,exact,join,,sink,0,1,0,0,1,0,0
etl-direct-20271915,etl,direct,flm_no_intervention,exact,join,,join,1,1,1,0,1,0,0
etl-direct-20271915,etl,direct,flm_no_replay,exact,join,,join,1,1,1,1,1,0,0
etl-direct-20271915,etl,direct,flm_full,exact,join,,join,1,1,1,1,1,0,0
etl-direct-20271916,etl,direct,final_symptom,exact,sink,,sink,0,0,0,0,1,0,0
etl-direct-20271916,etl,direct,component_heuristic,exact,join,,sink,0,1,0,0,1,0,0
etl-direct-20271916,etl,direct,flm_no_intervention,exact,join,,join,1,1,1,0,1,0,0
etl-direct-20271916,etl,direct,flm_no_replay,exact,join,,join,1,1,1,1,1,0,0
etl-direct-20271916,etl,direct,flm_full,exact,join,,join,1,1,1,1,1,0,0
etl-direct-20271917,etl,direct,final_symptom,exact,sink,,sink,0,0,0,0,1,0,0
etl-direct-20271917,etl,direct,component_heuristic,exact,join,,sink,0,1,0,0,1,0,0
etl-direct-20271917,etl,direct,flm_no_intervention,exact,join,,join,1,1,1,0,1,0,0
etl-direct-20271917,etl,direct,flm_no_replay,exact,join,,join,1,1,1,1,1,0,0
etl-direct-20271917,etl,direct,flm_full,exact,join,,join,1,1,1,1,1,0,0
etl-direct-20271918,etl,direct,final_symptom,exact,sink,,sink,0,0,0,0,1,0,0
etl-direct-20271918,etl,direct,component_heuristic,exact,join,,sink,0,1,0,0,1,0,0
etl-direct-20271918,etl,direct,flm_no_intervention,exact,join,,join,1,1,1,0,1,0,0
etl-direct-20271918,etl,direct,flm_no_replay,exact,join,,join,1,1,1,1,1,0,0
etl-direct-20271918,etl,direct,flm_full,exact,join,,join,1,1,1,1,1,0,0
etl-direct-20271919,etl,direct,final_symptom,exact,sink,,sink,0,0,0,0,1,0,0
etl-direct-20271919,etl,direct,component_heuristic,exact,join,,sink,0,1,0,0,1,0,0
etl-direct-20271919,etl,direct,flm_no_intervention,exact,join,,join,1,1,1,0,1,0,0
etl-direct-20271919,etl,direct,flm_no_replay,exact,join,,join,1,1,1,1,1,0,0
etl-direct-20271919,etl,direct,flm_full,exact,join,,join,1,1,1,1,1,0,0
etl-direct-20271920,etl,direct,final_symptom,exact,sink,,sink,0,0,0,0,1,0,0
etl-direct-20271920,etl,direct,component_heuristic,exact,join,,sink,0,1,0,0,1,0,0
etl-direct-20271920,etl,direct,flm_no_intervention,exact,join,,join,1,1,1,0,1,0,0
etl-direct-20271920,etl,direct,flm_no_replay,exact,join,,join,1,1,1,1,1,0,0
etl-direct-20271920,etl,direct,flm_full,exact,join,,join,1,1,1,1,1,0,0
etl-direct-20271921,etl,direct,final_symptom,exact,sink,,sink,0,0,0,0,1,0,0
etl-direct-20271921,etl,direct,component_heuristic,exact,join,,sink,0,1,0,0,1,0,0
etl-direct-20271921,etl,direct,flm_no_intervention,exact,join,,join,1,1,1,0,1,0,0
etl-direct-20271921,etl,direct,flm_no_replay,exact,join,,join,1,1,1,1,1,0,0
etl-direct-20271921,etl,direct,flm_full,exact,join,,join,1,1,1,1,1,0,0
etl-direct-20271922,etl,direct,final_symptom,exact,sink,,sink,0,0,0,0,1,0,0
etl-direct-20271922,etl,direct,component_heuristic,exact,join,,sink,0,1,0,0,1,0,0
etl-direct-20271922,etl,direct,flm_no_intervention,exact,join,,join,1,1,1,0,1,0,0
etl-direct-20271922,etl,direct,flm_no_replay,exact,join,,join,1,1,1,1,1,0,0
etl-direct-20271922,etl,direct,flm_full,exact,join,,join,1,1,1,1,1,0,0
etl-direct-20271923,etl,direct,final_symptom,exact,sink,,sink,0,0,0,0,1,0,0
etl-direct-20271923,etl,direct,component_heuristic,exact,join,,sink,0,1,0,0,1,0,0
etl-direct-20271923,etl,direct,flm_no_intervention,exact,join,,join,1,1,1,0,1,0,0
etl-direct-20271923,etl,direct,flm_no_replay,exact,join,,join,1,1,1,1,1,0,0
etl-direct-20271923,etl,direct,flm_full,exact,join,,join,1,1,1,1,1,0,0
etl-direct-20271924,etl,direct,final_symptom,exact,sink,,sink,0,0,0,0,1,0,0
etl-direct-20271924,etl,direct,component_heuristic,exact,join,,sink,0,1,0,0,1,0,0
etl-direct-20271924,etl,direct,flm_no_intervention,exact,join,,join,1,1,1,0,1,0,0
etl-direct-20271924,etl,direct,flm_no_replay,exact,join,,join,1,1,1,1,1,0,0
etl-direct-20271924,etl,direct,flm_full,exact,join,,join,1,1,1,1,1,0,0
etl-direct-20271925,etl,direct,final_symptom,exact,sink,,sink,0,0,0,0,1,0,0
etl-direct-20271925,etl,direct,component_heuristic,exact,join,,sink,0,1,0,0,1,0,0
etl-direct-20271925,etl,direct,flm_no_intervention,exact,join,,join,1,1,1,0,1,0,0
etl-direct-20271925,etl,direct,flm_no_replay,exact,join,,join,1,1,1,1,1,0,0
etl-direct-20271925,etl,direct,flm_full,exact,join,,join,1,1,1,1,1,0,0
etl-direct-20271926,etl,direct,final_symptom,exact,sink,,sink,0,0,0,0,1,0,0
etl-direct-20271926,etl,direct,component_heuristic,exact,join,,sink,0,1,0,0,1,0,0
etl-direct-20271926,etl,direct,flm_no_intervention,exact,join,,join,1,1,1,0,1,0,0
etl-direct-20271926,etl,direct,flm_no_replay,exact,join,,join,1,1,1,1,1,0,0
etl-direct-20271926,etl,direct,flm_full,exact,join,,join,1,1,1,1,1,0,0
etl-direct-20271927,etl,direct,final_symptom,exact,sink,,sink,0,0,0,0,1,0,0
etl-direct-20271927,etl,direct,component_heuristic,exact,join,,sink,0,1,0,0,1,0,0
etl-direct-20271927,etl,direct,flm_no_intervention,exact,join,,join,1,1,1,0,1,0,0
etl-direct-20271927,etl,direct,flm_no_replay,exact,join,,join,1,1,1,1,1,0,0
etl-direct-20271927,etl,direct,flm_full,exact,join,,join,1,1,1,1,1,0,0
etl-direct-20271928,etl,direct,final_symptom,exact,sink,,sink,0,0,0,0,1,0,0
etl-direct-20271928,etl,direct,component_heuristic,exact,join,,sink,0,1,0,0,1,0,0
etl-direct-20271928,etl,direct,flm_no_intervention,exact,join,,join,1,1,1,0,1,0,0
etl-direct-20271928,etl,direct,flm_no_replay,exact,join,,join,1,1,1,1,1,0,0
etl-direct-20271928,etl,direct,flm_full,exact,join,,join,1,1,1,1,1,0,0
etl-direct-20271929,etl,direct,final_symptom,exact,sink,,sink,0,0,0,0,1,0,0
etl-direct-20271929,etl,direct,component_heuristic,exact,join,,sink,0,1,0,0,1,0,0
etl-direct-20271929,etl,direct,flm_no_intervention,exact,join,,join,1,1,1,0,1,0,0
etl-direct-20271929,etl,direct,flm_no_replay,exact,join,,join,1,1,1,1,1,0,0
etl-direct-20271929,etl,direct,flm_full,exact,join,,join,1,1,1,1,1,0,0
etl-direct-20271930,etl,direct,final_symptom,exact,sink,,sink,0,0,0,0,1,0,0
etl-direct-20271930,etl,direct,component_heuristic,exact,join,,sink,0,1,0,0,1,0,0
etl-direct-20271930,etl,direct,flm_no_intervention,exact,join,,join,1,1,1,0,1,0,0
etl-direct-20271930,etl,direct,flm_no_replay,exact,join,,join,1,1,1,1,1,0,0
etl-direct-20271930,etl,direct,flm_full,exact,join,,join,1,1,1,1,1,0,0
etl-partial-20272911,etl,partial,final_symptom,exact,sink,,sink,0,0,0,0,0,1,1
etl-partial-20272911,etl,partial,component_heuristic,exact,sink,map,sink,0,0,0,0,0,1,1
etl-partial-20272911,etl,partial,flm_no_intervention,bounded,,map,,1,0,0,0,0,0,1
etl-partial-20272911,etl,partial,flm_no_replay,bounded,,map,,1,0,0,0,0,0,1
etl-partial-20272911,etl,partial,flm_full,bounded,,map,,1,0,0,0,0,0,1
etl-partial-20272912,etl,partial,final_symptom,exact,sink,,sink,0,0,0,0,0,1,1
etl-partial-20272912,etl,partial,component_heuristic,exact,sink,map,sink,0,0,0,0,0,1,1
etl-partial-20272912,etl,partial,flm_no_intervention,bounded,,map,,1,0,0,0,0,0,1
etl-partial-20272912,etl,partial,flm_no_replay,bounded,,map,,1,0,0,0,0,0,1
etl-partial-20272912,etl,partial,flm_full,bounded,,map,,1,0,0,0,0,0,1
etl-partial-20272913,etl,partial,final_symptom,exact,sink,,sink,0,0,0,0,0,1,1
etl-partial-20272913,etl,partial,component_heuristic,exact,sink,map,sink,0,0,0,0,0,1,1
etl-partial-20272913,etl,partial,flm_no_intervention,bounded,,map,,1,0,0,0,0,0,1
etl-partial-20272913,etl,partial,flm_no_replay,bounded,,map,,1,0,0,0,0,0,1
etl-partial-20272913,etl,partial,flm_full,bounded,,map,,1,0,0,0,0,0,1
etl-partial-20272914,etl,partial,final_symptom,exact,sink,,sink,0,0,0,0,0,1,1
etl-partial-20272914,etl,partial,component_heuristic,exact,sink,map,sink,0,0,0,0,0,1,1
etl-partial-20272914,etl,partial,flm_no_intervention,bounded,,map,,1,0,0,0,0,0,1
etl-partial-20272914,etl,partial,flm_no_replay,bounded,,map,,1,0,0,0,0,0,1
etl-partial-20272914,etl,partial,flm_full,bounded,,map,,1,0,0,0,0,0,1
etl-partial-20272915,etl,partial,final_symptom,exact,sink,,sink,0,0,0,0,0,1,1
etl-partial-20272915,etl,partial,component_heuristic,exact,sink,map,sink,0,0,0,0,0,1,1
etl-partial-20272915,etl,partial,flm_no_intervention,bounded,,map,,1,0,0,0,0,0,1
etl-partial-20272915,etl,partial,flm_no_replay,bounded,,map,,1,0,0,0,0,0,1
etl-partial-20272915,etl,partial,flm_full,bounded,,map,,1,0,0,0,0,0,1
etl-partial-20272916,etl,partial,final_symptom,exact,sink,,sink,0,0,0,0,0,1,1
etl-partial-20272916,etl,partial,component_heuristic,exact,sink,map,sink,0,0,0,0,0,1,1
etl-partial-20272916,etl,partial,flm_no_intervention,bounded,,map,,1,0,0,0,0,0,1
etl-partial-20272916,etl,partial,flm_no_replay,bounded,,map,,1,0,0,0,0,0,1
etl-partial-20272916,etl,partial,flm_full,bounded,,map,,1,0,0,0,0,0,1
etl-partial-20272917,etl,partial,final_symptom,exact,sink,,sink,0,0,0,0,0,1,1
etl-partial-20272917,etl,partial,component_heuristic,exact,sink,map,sink,0,0,0,0,0,1,1
etl-partial-20272917,etl,partial,flm_no_intervention,bounded,,map,,1,0,0,0,0,0,1
etl-partial-20272917,etl,partial,flm_no_replay,bounded,,map,,1,0,0,0,0,0,1
etl-partial-20272917,etl,partial,flm_full,bounded,,map,,1,0,0,0,0,0,1
etl-partial-20272918,etl,partial,final_symptom,exact,sink,,sink,0,0,0,0,0,1,1
etl-partial-20272918,etl,partial,component_heuristic,exact,sink,map,sink,0,0,0,0,0,1,1
etl-partial-20272918,etl,partial,flm_no_intervention,bounded,,map,,1,0,0,0,0,0,1
etl-partial-20272918,etl,partial,flm_no_replay,bounded,,map,,1,0,0,0,0,0,1
etl-partial-20272918,etl,partial,flm_full,bounded,,map,,1,0,0,0,0,0,1
etl-partial-20272919,etl,partial,final_symptom,exact,sink,,sink,0,0,0,0,0,1,1
etl-partial-20272919,etl,partial,component_heuristic,exact,sink,map,sink,0,0,0,0,0,1,1
etl-partial-20272919,etl,partial,flm_no_intervention,bounded,,map,,1,0,0,0,0,0,1
etl-partial-20272919,etl,partial,flm_no_replay,bounded,,map,,1,0,0,0,0,0,1
etl-partial-20272919,etl,partial,flm_full,bounded,,map,,1,0,0,0,0,0,1
etl-partial-20272920,etl,partial,final_symptom,exact,sink,,sink,0,0,0,0,0,1,1
etl-partial-20272920,etl,partial,component_heuristic,exact,sink,map,sink,0,0,0,0,0,1,1
etl-partial-20272920,etl,partial,flm_no_intervention,bounded,,map,,1,0,0,0,0,0,1
etl-partial-20272920,etl,partial,flm_no_replay,bounded,,map,,1,0,0,0,0,0,1
etl-partial-20272920,etl,partial,flm_full,bounded,,map,,1,0,0,0,0,0,1
etl-partial-20272921,etl,partial,final_symptom,exact,sink,,sink,0,0,0,0,0,1,1
etl-partial-20272921,etl,partial,component_heuristic,exact,sink,map,sink,0,0,0,0,0,1,1
etl-partial-20272921,etl,partial,flm_no_intervention,bounded,,map,,1,0,0,0,0,0,1
etl-partial-20272921,etl,partial,flm_no_replay,bounded,,map,,1,0,0,0,0,0,1
etl-partial-20272921,etl,partial,flm_full,bounded,,map,,1,0,0,0,0,0,1
etl-partial-20272922,etl,partial,final_symptom,exact,sink,,sink,0,0,0,0,0,1,1
etl-partial-20272922,etl,partial,component_heuristic,exact,sink,map,sink,0,0,0,0,0,1,1
etl-partial-20272922,etl,partial,flm_no_intervention,bounded,,map,,1,0,0,0,0,0,1
etl-partial-20272922,etl,partial,flm_no_replay,bounded,,map,,1,0,0,0,0,0,1
etl-partial-20272922,etl,partial,flm_full,bounded,,map,,1,0,0,0,0,0,1
etl-partial-20272923,etl,partial,final_symptom,exact,sink,,sink,0,0,0,0,0,1,1
etl-partial-20272923,etl,partial,component_heuristic,exact,sink,map,sink,0,0,0,0,0,1,1
etl-partial-20272923,etl,partial,flm_no_intervention,bounded,,map,,1,0,0,0,0,0,1
etl-partial-20272923,etl,partial,flm_no_replay,bounded,,map,,1,0,0,0,0,0,1
etl-partial-20272923,etl,partial,flm_full,bounded,,map,,1,0,0,0,0,0,1
etl-partial-20272924,etl,partial,final_symptom,exact,sink,,sink,0,0,0,0,0,1,1
etl-partial-20272924,etl,partial,component_heuristic,exact,sink,map,sink,0,0,0,0,0,1,1
etl-partial-20272924,etl,partial,flm_no_intervention,bounded,,map,,1,0,0,0,0,0,1
etl-partial-20272924,etl,partial,flm_no_replay,bounded,,map,,1,0,0,0,0,0,1
etl-partial-20272924,etl,partial,flm_full,bounded,,map,,1,0,0,0,0,0,1
etl-partial-20272925,etl,partial,final_symptom,exact,sink,,sink,0,0,0,0,0,1,1
etl-partial-20272925,etl,partial,component_heuristic,exact,sink,map,sink,0,0,0,0,0,1,1
etl-partial-20272925,etl,partial,flm_no_intervention,bounded,,map,,1,0,0,0,0,0,1
etl-partial-20272925,etl,partial,flm_no_replay,bounded,,map,,1,0,0,0,0,0,1
etl-partial-20272925,etl,partial,flm_full,bounded,,map,,1,0,0,0,0,0,1
etl-partial-20272926,etl,partial,final_symptom,exact,sink,,sink,0,0,0,0,0,1,1
etl-partial-20272926,etl,partial,component_heuristic,exact,sink,map,sink,0,0,0,0,0,1,1
etl-partial-20272926,etl,partial,flm_no_intervention,bounded,,map,,1,0,0,0,0,0,1
etl-partial-20272926,etl,partial,flm_no_replay,bounded,,map,,1,0,0,0,0,0,1
etl-partial-20272926,etl,partial,flm_full,bounded,,map,,1,0,0,0,0,0,1
etl-partial-20272927,etl,partial,final_symptom,exact,sink,,sink,0,0,0,0,0,1,1
etl-partial-20272927,etl,partial,component_heuristic,exact,sink,map,sink,0,0,0,0,0,1,1
etl-partial-20272927,etl,partial,flm_no_intervention,bounded,,map,,1,0,0,0,0,0,1
etl-partial-20272927,etl,partial,flm_no_replay,bounded,,map,,1,0,0,0,0,0,1
etl-partial-20272927,etl,partial,flm_full,bounded,,map,,1,0,0,0,0,0,1
etl-partial-20272928,etl,partial,final_symptom,exact,sink,,sink,0,0,0,0,0,1,1
etl-partial-20272928,etl,partial,component_heuristic,exact,sink,map,sink,0,0,0,0,0,1,1
etl-partial-20272928,etl,partial,flm_no_intervention,bounded,,map,,1,0,0,0,0,0,1
etl-partial-20272928,etl,partial,flm_no_replay,bounded,,map,,1,0,0,0,0,0,1
etl-partial-20272928,etl,partial,flm_full,bounded,,map,,1,0,0,0,0,0,1
etl-partial-20272929,etl,partial,final_symptom,exact,sink,,sink,0,0,0,0,0,1,1
etl-partial-20272929,etl,partial,component_heuristic,exact,sink,map,sink,0,0,0,0,0,1,1
etl-partial-20272929,etl,partial,flm_no_intervention,bounded,,map,,1,0,0,0,0,0,1
etl-partial-20272929,etl,partial,flm_no_replay,bounded,,map,,1,0,0,0,0,0,1
etl-partial-20272929,etl,partial,flm_full,bounded,,map,,1,0,0,0,0,0,1
etl-partial-20272930,etl,partial,final_symptom,exact,sink,,sink,0,0,0,0,0,1,1
etl-partial-20272930,etl,partial,component_heuristic,exact,sink,map,sink,0,0,0,0,0,1,1
etl-partial-20272930,etl,partial,flm_no_intervention,bounded,,map,,1,0,0,0,0,0,1
etl-partial-20272930,etl,partial,flm_no_replay,bounded,,map,,1,0,0,0,0,0,1
etl-partial-20272930,etl,partial,flm_full,bounded,,map,,1,0,0,0,0,0,1
etl-noisy-20273911,etl,noisy,final_symptom,exact,sink,,sink,0,0,0,0,1,0,0
etl-noisy-20273911,etl,noisy,component_heuristic,exact,join,map,sink,0,1,0,0,1,0,0
etl-noisy-20273911,etl,noisy,flm_no_intervention,exact,join,map,map,1,1,1,0,1,0,0
etl-noisy-20273911,etl,noisy,flm_no_replay,exact,join,map,map,1,1,1,1,1,0,0
etl-noisy-20273911,etl,noisy,flm_full,exact,join,map,map,1,1,1,1,1,0,0
etl-noisy-20273912,etl,noisy,final_symptom,exact,sink,,sink,0,0,0,0,1,0,0
etl-noisy-20273912,etl,noisy,component_heuristic,exact,join,map,sink,0,1,0,0,1,0,0
etl-noisy-20273912,etl,noisy,flm_no_intervention,exact,join,map,map,1,1,1,0,1,0,0
etl-noisy-20273912,etl,noisy,flm_no_replay,exact,join,map,map,1,1,1,1,1,0,0
etl-noisy-20273912,etl,noisy,flm_full,exact,join,map,map,1,1,1,1,1,0,0
etl-noisy-20273913,etl,noisy,final_symptom,exact,sink,,sink,0,0,0,0,1,0,0
etl-noisy-20273913,etl,noisy,component_heuristic,exact,join,map,sink,0,1,0,0,1,0,0
etl-noisy-20273913,etl,noisy,flm_no_intervention,exact,join,map,map,1,1,1,0,1,0,0
etl-noisy-20273913,etl,noisy,flm_no_replay,exact,join,map,map,1,1,1,1,1,0,0
etl-noisy-20273913,etl,noisy,flm_full,exact,join,map,map,1,1,1,1,1,0,0
etl-noisy-20273914,etl,noisy,final_symptom,exact,sink,,sink,0,0,0,0,1,0,0
etl-noisy-20273914,etl,noisy,component_heuristic,exact,join,map,sink,0,1,0,0,1,0,0
etl-noisy-20273914,etl,noisy,flm_no_intervention,exact,join,map,map,1,1,1,0,1,0,0
etl-noisy-20273914,etl,noisy,flm_no_replay,exact,join,map,map,1,1,1,1,1,0,0
etl-noisy-20273914,etl,noisy,flm_full,exact,join,map,map,1,1,1,1,1,0,0
etl-noisy-20273915,etl,noisy,final_symptom,exact,sink,,sink,0,0,0,0,1,0,0
etl-noisy-20273915,etl,noisy,component_heuristic,exact,join,map,sink,0,1,0,0,1,0,0
etl-noisy-20273915,etl,noisy,flm_no_intervention,exact,join,map,map,1,1,1,0,1,0,0
etl-noisy-20273915,etl,noisy,flm_no_replay,exact,join,map,map,1,1,1,1,1,0,0
etl-noisy-20273915,etl,noisy,flm_full,exact,join,map,map,1,1,1,1,1,0,0
etl-noisy-20273916,etl,noisy,final_symptom,exact,sink,,sink,0,0,0,0,1,0,0
etl-noisy-20273916,etl,noisy,component_heuristic,exact,sink,,sink,0,0,0,0,1,0,0
etl-noisy-20273916,etl,noisy,flm_no_intervention,exact,sink,,sink,0,0,0,0,1,0,0
etl-noisy-20273916,etl,noisy,flm_no_replay,exact,sink,,sink,0,0,0,0,1,0,0
etl-noisy-20273916,etl,noisy,flm_full,exact,sink,,sink,0,0,0,0,1,0,0
etl-noisy-20273917,etl,noisy,final_symptom,exact,sink,,sink,0,0,0,0,1,0,0
etl-noisy-20273917,etl,noisy,component_heuristic,exact,join,map,sink,0,1,0,0,1,0,0
etl-noisy-20273917,etl,noisy,flm_no_intervention,exact,join,map,map,1,1,1,0,1,0,0
etl-noisy-20273917,etl,noisy,flm_no_replay,exact,join,map,map,1,1,1,1,1,0,0
etl-noisy-20273917,etl,noisy,flm_full,exact,join,map,map,1,1,1,1,1,0,0
etl-noisy-20273918,etl,noisy,final_symptom,exact,sink,,sink,0,0,0,0,1,0,0
etl-noisy-20273918,etl,noisy,component_heuristic,exact,join,map,sink,0,1,0,0,1,0,0
etl-noisy-20273918,etl,noisy,flm_no_intervention,exact,join,map,map,1,1,1,0,1,0,0
etl-noisy-20273918,etl,noisy,flm_no_replay,exact,join,map,map,1,1,1,1,1,0,0
etl-noisy-20273918,etl,noisy,flm_full,exact,join,map,map,1,1,1,1,1,0,0
etl-noisy-20273919,etl,noisy,final_symptom,exact,sink,,sink,0,0,0,0,1,0,0
etl-noisy-20273919,etl,noisy,component_heuristic,exact,sink,,sink,0,0,0,0,1,0,0
etl-noisy-20273919,etl,noisy,flm_no_intervention,exact,join,map,map,1,1,1,0,1,0,0
etl-noisy-20273919,etl,noisy,flm_no_replay,exact,sink,,sink,0,0,0,0,1,0,0
etl-noisy-20273919,etl,noisy,flm_full,exact,join,map,map,1,1,1,1,1,0,0
etl-noisy-20273920,etl,noisy,final_symptom,exact,sink,,sink,0,0,0,0,1,0,0
etl-noisy-20273920,etl,noisy,component_heuristic,exact,join,map,sink,0,1,0,0,1,0,0
etl-noisy-20273920,etl,noisy,flm_no_intervention,exact,join,map,map,1,1,1,0,1,0,0
etl-noisy-20273920,etl,noisy,flm_no_replay,exact,join,map,map,1,1,1,1,1,0,0
etl-noisy-20273920,etl,noisy,flm_full,exact,join,map,map,1,1,1,1,1,0,0
etl-noisy-20273921,etl,noisy,final_symptom,exact,sink,,sink,0,0,0,0,1,0,0
etl-noisy-20273921,etl,noisy,component_heuristic,exact,join,map,sink,0,1,0,0,1,0,0
etl-noisy-20273921,etl,noisy,flm_no_intervention,exact,join,map,map,1,1,1,0,1,0,0
etl-noisy-20273921,etl,noisy,flm_no_replay,exact,join,map,map,1,1,1,1,1,0,0
etl-noisy-20273921,etl,noisy,flm_full,exact,join,map,map,1,1,1,1,1,0,0
etl-noisy-20273922,etl,noisy,final_symptom,exact,sink,,sink,0,0,0,0,1,0,0
etl-noisy-20273922,etl,noisy,component_heuristic,exact,join,map,sink,0,1,0,0,1,0,0
etl-noisy-20273922,etl,noisy,flm_no_intervention,exact,join,map,map,1,1,1,0,1,0,0
etl-noisy-20273922,etl,noisy,flm_no_replay,exact,join,map,map,1,1,1,1,1,0,0
etl-noisy-20273922,etl,noisy,flm_full,exact,join,map,map,1,1,1,1,1,0,0
etl-noisy-20273923,etl,noisy,final_symptom,exact,sink,,sink,0,0,0,0,1,0,0
etl-noisy-20273923,etl,noisy,component_heuristic,exact,join,map,sink,0,1,0,0,1,0,0
etl-noisy-20273923,etl,noisy,flm_no_intervention,exact,join,map,map,1,1,1,0,1,0,0
etl-noisy-20273923,etl,noisy,flm_no_replay,exact,join,map,map,1,1,1,1,1,0,0
etl-noisy-20273923,etl,noisy,flm_full,exact,join,map,map,1,1,1,1,1,0,0
etl-noisy-20273924,etl,noisy,final_symptom,exact,sink,,sink,0,0,0,0,1,0,0
etl-noisy-20273924,etl,noisy,component_heuristic,exact,join,map,sink,0,1,0,0,1,0,0
etl-noisy-20273924,etl,noisy,flm_no_intervention,exact,join,map,map,1,1,1,0,1,0,0
etl-noisy-20273924,etl,noisy,flm_no_replay,exact,join,map,map,1,1,1,1,1,0,0
etl-noisy-20273924,etl,noisy,flm_full,exact,join,map,map,1,1,1,1,1,0,0
etl-noisy-20273925,etl,noisy,final_symptom,exact,sink,,sink,0,0,0,0,1,0,0
etl-noisy-20273925,etl,noisy,component_heuristic,exact,join,map,sink,0,1,0,0,1,0,0
etl-noisy-20273925,etl,noisy,flm_no_intervention,exact,join,map,map,1,1,1,0,1,0,0
etl-noisy-20273925,etl,noisy,flm_no_replay,exact,join,map,map,1,1,1,1,1,0,0
etl-noisy-20273925,etl,noisy,flm_full,exact,join,map,map,1,1,1,1,1,0,0
etl-noisy-20273926,etl,noisy,final_symptom,exact,sink,,sink,0,0,0,0,1,0,0
etl-noisy-20273926,etl,noisy,component_heuristic,exact,join,map,sink,0,1,0,0,1,0,0
etl-noisy-20273926,etl,noisy,flm_no_intervention,exact,join,map,map,1,1,1,0,1,0,0
etl-noisy-20273926,etl,noisy,flm_no_replay,exact,join,map,map,1,1,1,1,1,0,0
etl-noisy-20273926,etl,noisy,flm_full,exact,join,map,map,1,1,1,1,1,0,0
etl-noisy-20273927,etl,noisy,final_symptom,exact,sink,,sink,0,0,0,0,1,0,0
etl-noisy-20273927,etl,noisy,component_heuristic,exact,join,map,sink,0,1,0,0,1,0,0
etl-noisy-20273927,etl,noisy,flm_no_intervention,exact,join,map,map,1,1,1,0,1,0,0
etl-noisy-20273927,etl,noisy,flm_no_replay,exact,join,map,map,1,1,1,1,1,0,0
etl-noisy-20273927,etl,noisy,flm_full,exact,join,map,map,1,1,1,1,1,0,0
etl-noisy-20273928,etl,noisy,final_symptom,exact,sink,,sink,0,0,0,0,1,0,0
etl-noisy-20273928,etl,noisy,component_heuristic,exact,join,map,sink,0,1,0,0,1,0,0
etl-noisy-20273928,etl,noisy,flm_no_intervention,exact,sink,,sink,0,0,0,0,1,0,0
etl-noisy-20273928,etl,noisy,flm_no_replay,exact,join,map,map,1,1,1,1,1,0,0
etl-noisy-20273928,etl,noisy,flm_full,exact,sink,,sink,0,0,0,0,1,0,0
etl-noisy-20273929,etl,noisy,final_symptom,exact,sink,,sink,0,0,0,0,1,0,0
etl-noisy-20273929,etl,noisy,component_heuristic,exact,join,map,sink,0,1,0,0,1,0,0
etl-noisy-20273929,etl,noisy,flm_no_intervention,exact,join,map,map,1,1,1,0,1,0,0
etl-noisy-20273929,etl,noisy,flm_no_replay,exact,join,map,map,1,1,1,1,1,0,0
etl-noisy-20273929,etl,noisy,flm_full,exact,join,map,map,1,1,1,1,1,0,0
etl-noisy-20273930,etl,noisy,final_symptom,exact,sink,,sink,0,0,0,0,1,0,0
etl-noisy-20273930,etl,noisy,component_heuristic,exact,sink,,sink,0,0,0,0,1,0,0
etl-noisy-20273930,etl,noisy,flm_no_intervention,exact,join,map,map,1,1,1,0,1,0,0
etl-noisy-20273930,etl,noisy,flm_no_replay,exact,sink,,sink,0,0,0,0,1,0,0
etl-noisy-20273930,etl,noisy,flm_full,exact,join,map,map,1,1,1,1,1,0,0
etl-nonlocal-20274911,etl,nonlocal,final_symptom,exact,sink,,sink,0,0,0,0,0,1,1
etl-nonlocal-20274911,etl,nonlocal,component_heuristic,exact,sink,,sink,0,0,0,0,0,1,1
etl-nonlocal-20274911,etl,nonlocal,flm_no_intervention,exception,sink,,,1,0,0,0,0,0,1
etl-nonlocal-20274911,etl,nonlocal,flm_no_replay,exception,sink,,,1,0,0,0,0,0,1
etl-nonlocal-20274911,etl,nonlocal,flm_full,exception,sink,,,1,0,0,0,0,0,1
etl-nonlocal-20274912,etl,nonlocal,final_symptom,exact,sink,,sink,0,0,0,0,0,1,1
etl-nonlocal-20274912,etl,nonlocal,component_heuristic,exact,sink,,sink,0,0,0,0,0,1,1
etl-nonlocal-20274912,etl,nonlocal,flm_no_intervention,exception,sink,,,1,0,0,0,0,0,1
etl-nonlocal-20274912,etl,nonlocal,flm_no_replay,exception,sink,,,1,0,0,0,0,0,1
etl-nonlocal-20274912,etl,nonlocal,flm_full,exception,sink,,,1,0,0,0,0,0,1
etl-nonlocal-20274913,etl,nonlocal,final_symptom,exact,sink,,sink,0,0,0,0,0,1,1
etl-nonlocal-20274913,etl,nonlocal,component_heuristic,exact,sink,,sink,0,0,0,0,0,1,1
etl-nonlocal-20274913,etl,nonlocal,flm_no_intervention,exception,sink,,,1,0,0,0,0,0,1
etl-nonlocal-20274913,etl,nonlocal,flm_no_replay,exception,sink,,,1,0,0,0,0,0,1
etl-nonlocal-20274913,etl,nonlocal,flm_full,exception,sink,,,1,0,0,0,0,0,1
etl-nonlocal-20274914,etl,nonlocal,final_symptom,exact,sink,,sink,0,0,0,0,0,1,1
etl-nonlocal-20274914,etl,nonlocal,component_heuristic,exact,sink,,sink,0,0,0,0,0,1,1
etl-nonlocal-20274914,etl,nonlocal,flm_no_intervention,exception,sink,,,1,0,0,0,0,0,1
etl-nonlocal-20274914,etl,nonlocal,flm_no_replay,exception,sink,,,1,0,0,0,0,0,1
etl-nonlocal-20274914,etl,nonlocal,flm_full,exception,sink,,,1,0,0,0,0,0,1
etl-nonlocal-20274915,etl,nonlocal,final_symptom,exact,sink,,sink,0,0,0,0,0,1,1
etl-nonlocal-20274915,etl,nonlocal,component_heuristic,exact,sink,,sink,0,0,0,0,0,1,1
etl-nonlocal-20274915,etl,nonlocal,flm_no_intervention,exception,sink,,,1,0,0,0,0,0,1
etl-nonlocal-20274915,etl,nonlocal,flm_no_replay,exception,sink,,,1,0,0,0,0,0,1
etl-nonlocal-20274915,etl,nonlocal,flm_full,exception,sink,,,1,0,0,0,0,0,1
etl-nonlocal-20274916,etl,nonlocal,final_symptom,exact,sink,,sink,0,0,0,0,0,1,1
etl-nonlocal-20274916,etl,nonlocal,component_heuristic,exact,sink,,sink,0,0,0,0,0,1,1
etl-nonlocal-20274916,etl,nonlocal,flm_no_intervention,exception,sink,,,1,0,0,0,0,0,1
etl-nonlocal-20274916,etl,nonlocal,flm_no_replay,exception,sink,,,1,0,0,0,0,0,1
etl-nonlocal-20274916,etl,nonlocal,flm_full,exception,sink,,,1,0,0,0,0,0,1
etl-nonlocal-20274917,etl,nonlocal,final_symptom,exact,sink,,sink,0,0,0,0,0,1,1
etl-nonlocal-20274917,etl,nonlocal,component_heuristic,exact,sink,,sink,0,0,0,0,0,1,1
etl-nonlocal-20274917,etl,nonlocal,flm_no_intervention,exception,sink,,,1,0,0,0,0,0,1
etl-nonlocal-20274917,etl,nonlocal,flm_no_replay,exception,sink,,,1,0,0,0,0,0,1
etl-nonlocal-20274917,etl,nonlocal,flm_full,exception,sink,,,1,0,0,0,0,0,1
etl-nonlocal-20274918,etl,nonlocal,final_symptom,exact,sink,,sink,0,0,0,0,0,1,1
etl-nonlocal-20274918,etl,nonlocal,component_heuristic,exact,sink,,sink,0,0,0,0,0,1,1
etl-nonlocal-20274918,etl,nonlocal,flm_no_intervention,exception,sink,,,1,0,0,0,0,0,1
etl-nonlocal-20274918,etl,nonlocal,flm_no_replay,exception,sink,,,1,0,0,0,0,0,1
etl-nonlocal-20274918,etl,nonlocal,flm_full,exception,sink,,,1,0,0,0,0,0,1
etl-nonlocal-20274919,etl,nonlocal,final_symptom,exact,sink,,sink,0,0,0,0,0,1,1
etl-nonlocal-20274919,etl,nonlocal,component_heuristic,exact,sink,,sink,0,0,0,0,0,1,1
etl-nonlocal-20274919,etl,nonlocal,flm_no_intervention,exception,sink,,,1,0,0,0,0,0,1
etl-nonlocal-20274919,etl,nonlocal,flm_no_replay,exception,sink,,,1,0,0,0,0,0,1
etl-nonlocal-20274919,etl,nonlocal,flm_full,exception,sink,,,1,0,0,0,0,0,1
etl-nonlocal-20274920,etl,nonlocal,final_symptom,exact,sink,,sink,0,0,0,0,0,1,1
etl-nonlocal-20274920,etl,nonlocal,component_heuristic,exact,sink,,sink,0,0,0,0,0,1,1
etl-nonlocal-20274920,etl,nonlocal,flm_no_intervention,exception,sink,,,1,0,0,0,0,0,1
etl-nonlocal-20274920,etl,nonlocal,flm_no_replay,exception,sink,,,1,0,0,0,0,0,1
etl-nonlocal-20274920,etl,nonlocal,flm_full,exception,sink,,,1,0,0,0,0,0,1
etl-nonlocal-20274921,etl,nonlocal,final_symptom,exact,sink,,sink,0,0,0,0,0,1,1
etl-nonlocal-20274921,etl,nonlocal,component_heuristic,exact,sink,,sink,0,0,0,0,0,1,1
etl-nonlocal-20274921,etl,nonlocal,flm_no_intervention,exception,sink,,,1,0,0,0,0,0,1
etl-nonlocal-20274921,etl,nonlocal,flm_no_replay,exception,sink,,,1,0,0,0,0,0,1
etl-nonlocal-20274921,etl,nonlocal,flm_full,exception,sink,,,1,0,0,0,0,0,1
etl-nonlocal-20274922,etl,nonlocal,final_symptom,exact,sink,,sink,0,0,0,0,0,1,1
etl-nonlocal-20274922,etl,nonlocal,component_heuristic,exact,sink,,sink,0,0,0,0,0,1,1
etl-nonlocal-20274922,etl,nonlocal,flm_no_intervention,exception,sink,,,1,0,0,0,0,0,1
etl-nonlocal-20274922,etl,nonlocal,flm_no_replay,exception,sink,,,1,0,0,0,0,0,1
etl-nonlocal-20274922,etl,nonlocal,flm_full,exception,sink,,,1,0,0,0,0,0,1
etl-nonlocal-20274923,etl,nonlocal,final_symptom,exact,sink,,sink,0,0,0,0,0,1,1
etl-nonlocal-20274923,etl,nonlocal,component_heuristic,exact,sink,,sink,0,0,0,0,0,1,1
etl-nonlocal-20274923,etl,nonlocal,flm_no_intervention,exception,sink,,,1,0,0,0,0,0,1
etl-nonlocal-20274923,etl,nonlocal,flm_no_replay,exception,sink,,,1,0,0,0,0,0,1
etl-nonlocal-20274923,etl,nonlocal,flm_full,exception,sink,,,1,0,0,0,0,0,1
etl-nonlocal-20274924,etl,nonlocal,final_symptom,exact,sink,,sink,0,0,0,0,0,1,1
etl-nonlocal-20274924,etl,nonlocal,component_heuristic,exact,sink,,sink,0,0,0,0,0,1,1
etl-nonlocal-20274924,etl,nonlocal,flm_no_intervention,exception,sink,,,1,0,0,0,0,0,1
etl-nonlocal-20274924,etl,nonlocal,flm_no_replay,exception,sink,,,1,0,0,0,0,0,1
etl-nonlocal-20274924,etl,nonlocal,flm_full,exception,sink,,,1,0,0,0,0,0,1
etl-nonlocal-20274925,etl,nonlocal,final_symptom,exact,sink,,sink,0,0,0,0,0,1,1
etl-nonlocal-20274925,etl,nonlocal,component_heuristic,exact,sink,,sink,0,0,0,0,0,1,1
etl-nonlocal-20274925,etl,nonlocal,flm_no_intervention,exception,sink,,,1,0,0,0,0,0,1
etl-nonlocal-20274925,etl,nonlocal,flm_no_replay,exception,sink,,,1,0,0,0,0,0,1
etl-nonlocal-20274925,etl,nonlocal,flm_full,exception,sink,,,1,0,0,0,0,0,1
etl-nonlocal-20274926,etl,nonlocal,final_symptom,exact,sink,,sink,0,0,0,0,0,1,1
etl-nonlocal-20274926,etl,nonlocal,component_heuristic,exact,sink,,sink,0,0,0,0,0,1,1
etl-nonlocal-20274926,etl,nonlocal,flm_no_intervention,exception,sink,,,1,0,0,0,0,0,1
etl-nonlocal-20274926,etl,nonlocal,flm_no_replay,exception,sink,,,1,0,0,0,0,0,1
etl-nonlocal-20274926,etl,nonlocal,flm_full,exception,sink,,,1,0,0,0,0,0,1
etl-nonlocal-20274927,etl,nonlocal,final_symptom,exact,sink,,sink,0,0,0,0,0,1,1
etl-nonlocal-20274927,etl,nonlocal,component_heuristic,exact,sink,,sink,0,0,0,0,0,1,1
etl-nonlocal-20274927,etl,nonlocal,flm_no_intervention,exception,sink,,,1,0,0,0,0,0,1
etl-nonlocal-20274927,etl,nonlocal,flm_no_replay,exception,sink,,,1,0,0,0,0,0,1
etl-nonlocal-20274927,etl,nonlocal,flm_full,exception,sink,,,1,0,0,0,0,0,1
etl-nonlocal-20274928,etl,nonlocal,final_symptom,exact,sink,,sink,0,0,0,0,0,1,1
etl-nonlocal-20274928,etl,nonlocal,component_heuristic,exact,sink,,sink,0,0,0,0,0,1,1
etl-nonlocal-20274928,etl,nonlocal,flm_no_intervention,exception,sink,,,1,0,0,0,0,0,1
etl-nonlocal-20274928,etl,nonlocal,flm_no_replay,exception,sink,,,1,0,0,0,0,0,1
etl-nonlocal-20274928,etl,nonlocal,flm_full,exception,sink,,,1,0,0,0,0,0,1
etl-nonlocal-20274929,etl,nonlocal,final_symptom,exact,sink,,sink,0,0,0,0,0,1,1
etl-nonlocal-20274929,etl,nonlocal,component_heuristic,exact,sink,,sink,0,0,0,0,0,1,1
etl-nonlocal-20274929,etl,nonlocal,flm_no_intervention,exception,sink,,,1,0,0,0,0,0,1
etl-nonlocal-20274929,etl,nonlocal,flm_no_replay,exception,sink,,,1,0,0,0,0,0,1
etl-nonlocal-20274929,etl,nonlocal,flm_full,exception,sink,,,1,0,0,0,0,0,1
etl-nonlocal-20274930,etl,nonlocal,final_symptom,exact,sink,,sink,0,0,0,0,0,1,1
etl-nonlocal-20274930,etl,nonlocal,component_heuristic,exact,sink,,sink,0,0,0,0,0,1,1
etl-nonlocal-20274930,etl,nonlocal,flm_no_intervention,exception,sink,,,1,0,0,0,0,0,1
etl-nonlocal-20274930,etl,nonlocal,flm_no_replay,exception,sink,,,1,0,0,0,0,0,1
etl-nonlocal-20274930,etl,nonlocal,flm_full,exception,sink,,,1,0,0,0,0,0,1
etl-reacquired-20275911,etl,reacquired,final_symptom,exact,map,,map,0,0,0,0,0,1,1
etl-reacquired-20275911,etl,reacquired,component_heuristic,exact,map,,sink,0,0,0,0,0,1,1
etl-reacquired-20275911,etl,reacquired,flm_no_intervention,reacquired,map,,,1,0,0,0,0,0,1
etl-reacquired-20275911,etl,reacquired,flm_no_replay,reacquired,map,,,1,0,0,0,0,0,1
etl-reacquired-20275911,etl,reacquired,flm_full,reacquired,map,,,1,0,0,0,0,0,1
etl-reacquired-20275912,etl,reacquired,final_symptom,exact,map,,map,0,0,0,0,0,1,1
etl-reacquired-20275912,etl,reacquired,component_heuristic,exact,map,,sink,0,0,0,0,0,1,1
etl-reacquired-20275912,etl,reacquired,flm_no_intervention,reacquired,map,,,1,0,0,0,0,0,1
etl-reacquired-20275912,etl,reacquired,flm_no_replay,reacquired,map,,,1,0,0,0,0,0,1
etl-reacquired-20275912,etl,reacquired,flm_full,reacquired,map,,,1,0,0,0,0,0,1
etl-reacquired-20275913,etl,reacquired,final_symptom,exact,map,,map,0,0,0,0,0,1,1
etl-reacquired-20275913,etl,reacquired,component_heuristic,exact,map,,sink,0,0,0,0,0,1,1
etl-reacquired-20275913,etl,reacquired,flm_no_intervention,reacquired,map,,,1,0,0,0,0,0,1
etl-reacquired-20275913,etl,reacquired,flm_no_replay,reacquired,map,,,1,0,0,0,0,0,1
etl-reacquired-20275913,etl,reacquired,flm_full,reacquired,map,,,1,0,0,0,0,0,1
etl-reacquired-20275914,etl,reacquired,final_symptom,exact,map,,map,0,0,0,0,0,1,1
etl-reacquired-20275914,etl,reacquired,component_heuristic,exact,map,,sink,0,0,0,0,0,1,1
etl-reacquired-20275914,etl,reacquired,flm_no_intervention,reacquired,map,,,1,0,0,0,0,0,1
etl-reacquired-20275914,etl,reacquired,flm_no_replay,reacquired,map,,,1,0,0,0,0,0,1
etl-reacquired-20275914,etl,reacquired,flm_full,reacquired,map,,,1,0,0,0,0,0,1
etl-reacquired-20275915,etl,reacquired,final_symptom,exact,map,,map,0,0,0,0,0,1,1
etl-reacquired-20275915,etl,reacquired,component_heuristic,exact,map,,sink,0,0,0,0,0,1,1
etl-reacquired-20275915,etl,reacquired,flm_no_intervention,reacquired,map,,,1,0,0,0,0,0,1
etl-reacquired-20275915,etl,reacquired,flm_no_replay,reacquired,map,,,1,0,0,0,0,0,1
etl-reacquired-20275915,etl,reacquired,flm_full,reacquired,map,,,1,0,0,0,0,0,1
etl-reacquired-20275916,etl,reacquired,final_symptom,exact,map,,map,0,0,0,0,0,1,1
etl-reacquired-20275916,etl,reacquired,component_heuristic,exact,map,,sink,0,0,0,0,0,1,1
etl-reacquired-20275916,etl,reacquired,flm_no_intervention,reacquired,map,,,1,0,0,0,0,0,1
etl-reacquired-20275916,etl,reacquired,flm_no_replay,reacquired,map,,,1,0,0,0,0,0,1
etl-reacquired-20275916,etl,reacquired,flm_full,reacquired,map,,,1,0,0,0,0,0,1
etl-reacquired-20275917,etl,reacquired,final_symptom,exact,map,,map,0,0,0,0,0,1,1
etl-reacquired-20275917,etl,reacquired,component_heuristic,exact,map,,sink,0,0,0,0,0,1,1
etl-reacquired-20275917,etl,reacquired,flm_no_intervention,reacquired,map,,,1,0,0,0,0,0,1
etl-reacquired-20275917,etl,reacquired,flm_no_replay,reacquired,map,,,1,0,0,0,0,0,1
etl-reacquired-20275917,etl,reacquired,flm_full,reacquired,map,,,1,0,0,0,0,0,1
etl-reacquired-20275918,etl,reacquired,final_symptom,exact,map,,map,0,0,0,0,0,1,1
etl-reacquired-20275918,etl,reacquired,component_heuristic,exact,map,,sink,0,0,0,0,0,1,1
etl-reacquired-20275918,etl,reacquired,flm_no_intervention,reacquired,map,,,1,0,0,0,0,0,1
etl-reacquired-20275918,etl,reacquired,flm_no_replay,reacquired,map,,,1,0,0,0,0,0,1
etl-reacquired-20275918,etl,reacquired,flm_full,reacquired,map,,,1,0,0,0,0,0,1
etl-reacquired-20275919,etl,reacquired,final_symptom,exact,map,,map,0,0,0,0,0,1,1
etl-reacquired-20275919,etl,reacquired,component_heuristic,exact,map,,sink,0,0,0,0,0,1,1
etl-reacquired-20275919,etl,reacquired,flm_no_intervention,reacquired,map,,,1,0,0,0,0,0,1
etl-reacquired-20275919,etl,reacquired,flm_no_replay,reacquired,map,,,1,0,0,0,0,0,1
etl-reacquired-20275919,etl,reacquired,flm_full,reacquired,map,,,1,0,0,0,0,0,1
etl-reacquired-20275920,etl,reacquired,final_symptom,exact,map,,map,0,0,0,0,0,1,1
etl-reacquired-20275920,etl,reacquired,component_heuristic,exact,map,,sink,0,0,0,0,0,1,1
etl-reacquired-20275920,etl,reacquired,flm_no_intervention,reacquired,map,,,1,0,0,0,0,0,1
etl-reacquired-20275920,etl,reacquired,flm_no_replay,reacquired,map,,,1,0,0,0,0,0,1
etl-reacquired-20275920,etl,reacquired,flm_full,reacquired,map,,,1,0,0,0,0,0,1
etl-reacquired-20275921,etl,reacquired,final_symptom,exact,map,,map,0,0,0,0,0,1,1
etl-reacquired-20275921,etl,reacquired,component_heuristic,exact,map,,sink,0,0,0,0,0,1,1
etl-reacquired-20275921,etl,reacquired,flm_no_intervention,reacquired,map,,,1,0,0,0,0,0,1
etl-reacquired-20275921,etl,reacquired,flm_no_replay,reacquired,map,,,1,0,0,0,0,0,1
etl-reacquired-20275921,etl,reacquired,flm_full,reacquired,map,,,1,0,0,0,0,0,1
etl-reacquired-20275922,etl,reacquired,final_symptom,exact,map,,map,0,0,0,0,0,1,1
etl-reacquired-20275922,etl,reacquired,component_heuristic,exact,map,,sink,0,0,0,0,0,1,1
etl-reacquired-20275922,etl,reacquired,flm_no_intervention,reacquired,map,,,1,0,0,0,0,0,1
etl-reacquired-20275922,etl,reacquired,flm_no_replay,reacquired,map,,,1,0,0,0,0,0,1
etl-reacquired-20275922,etl,reacquired,flm_full,reacquired,map,,,1,0,0,0,0,0,1
etl-reacquired-20275923,etl,reacquired,final_symptom,exact,map,,map,0,0,0,0,0,1,1
etl-reacquired-20275923,etl,reacquired,component_heuristic,exact,map,,sink,0,0,0,0,0,1,1
etl-reacquired-20275923,etl,reacquired,flm_no_intervention,reacquired,map,,,1,0,0,0,0,0,1
etl-reacquired-20275923,etl,reacquired,flm_no_replay,reacquired,map,,,1,0,0,0,0,0,1
etl-reacquired-20275923,etl,reacquired,flm_full,reacquired,map,,,1,0,0,0,0,0,1
etl-reacquired-20275924,etl,reacquired,final_symptom,exact,map,,map,0,0,0,0,0,1,1
etl-reacquired-20275924,etl,reacquired,component_heuristic,exact,map,,sink,0,0,0,0,0,1,1
etl-reacquired-20275924,etl,reacquired,flm_no_intervention,reacquired,map,,,1,0,0,0,0,0,1
etl-reacquired-20275924,etl,reacquired,flm_no_replay,reacquired,map,,,1,0,0,0,0,0,1
etl-reacquired-20275924,etl,reacquired,flm_full,reacquired,map,,,1,0,0,0,0,0,1
etl-reacquired-20275925,etl,reacquired,final_symptom,exact,map,,map,0,0,0,0,0,1,1
etl-reacquired-20275925,etl,reacquired,component_heuristic,exact,map,,sink,0,0,0,0,0,1,1
etl-reacquired-20275925,etl,reacquired,flm_no_intervention,reacquired,map,,,1,0,0,0,0,0,1
etl-reacquired-20275925,etl,reacquired,flm_no_replay,reacquired,map,,,1,0,0,0,0,0,1
etl-reacquired-20275925,etl,reacquired,flm_full,reacquired,map,,,1,0,0,0,0,0,1
etl-reacquired-20275926,etl,reacquired,final_symptom,exact,map,,map,0,0,0,0,0,1,1
etl-reacquired-20275926,etl,reacquired,component_heuristic,exact,map,,sink,0,0,0,0,0,1,1
etl-reacquired-20275926,etl,reacquired,flm_no_intervention,reacquired,map,,,1,0,0,0,0,0,1
etl-reacquired-20275926,etl,reacquired,flm_no_replay,reacquired,map,,,1,0,0,0,0,0,1
etl-reacquired-20275926,etl,reacquired,flm_full,reacquired,map,,,1,0,0,0,0,0,1
etl-reacquired-20275927,etl,reacquired,final_symptom,exact,map,,map,0,0,0,0,0,1,1
etl-reacquired-20275927,etl,reacquired,component_heuristic,exact,map,,sink,0,0,0,0,0,1,1
etl-reacquired-20275927,etl,reacquired,flm_no_intervention,reacquired,map,,,1,0,0,0,0,0,1
etl-reacquired-20275927,etl,reacquired,flm_no_replay,reacquired,map,,,1,0,0,0,0,0,1
etl-reacquired-20275927,etl,reacquired,flm_full,reacquired,map,,,1,0,0,0,0,0,1
etl-reacquired-20275928,etl,reacquired,final_symptom,exact,map,,map,0,0,0,0,0,1,1
etl-reacquired-20275928,etl,reacquired,component_heuristic,exact,map,,sink,0,0,0,0,0,1,1
etl-reacquired-20275928,etl,reacquired,flm_no_intervention,reacquired,map,,,1,0,0,0,0,0,1
etl-reacquired-20275928,etl,reacquired,flm_no_replay,reacquired,map,,,1,0,0,0,0,0,1
etl-reacquired-20275928,etl,reacquired,flm_full,reacquired,map,,,1,0,0,0,0,0,1
etl-reacquired-20275929,etl,reacquired,final_symptom,exact,map,,map,0,0,0,0,0,1,1
etl-reacquired-20275929,etl,reacquired,component_heuristic,exact,map,,sink,0,0,0,0,0,1,1
etl-reacquired-20275929,etl,reacquired,flm_no_intervention,reacquired,map,,,1,0,0,0,0,0,1
etl-reacquired-20275929,etl,reacquired,flm_no_replay,reacquired,map,,,1,0,0,0,0,0,1
etl-reacquired-20275929,etl,reacquired,flm_full,reacquired,map,,,1,0,0,0,0,0,1
etl-reacquired-20275930,etl,reacquired,final_symptom,exact,map,,map,0,0,0,0,0,1,1
etl-reacquired-20275930,etl,reacquired,component_heuristic,exact,map,,sink,0,0,0,0,0,1,1
etl-reacquired-20275930,etl,reacquired,flm_no_intervention,reacquired,map,,,1,0,0,0,0,0,1
etl-reacquired-20275930,etl,reacquired,flm_no_replay,reacquired,map,,,1,0,0,0,0,0,1
etl-reacquired-20275930,etl,reacquired,flm_full,reacquired,map,,,1,0,0,0,0,0,1
build-local-20280911,build,local,final_symptom,exact,test,,test,0,0,0,0,1,0,0
build-local-20280911,build,local,component_heuristic,exact,link,resolve,test,0,1,0,0,1,0,0
build-local-20280911,build,local,flm_no_intervention,exact,link,resolve,resolve,1,1,1,0,1,0,0
build-local-20280911,build,local,flm_no_replay,exact,link,resolve,resolve,1,1,1,1,1,0,0
build-local-20280911,build,local,flm_full,exact,link,resolve,resolve,1,1,1,1,1,0,0
build-local-20280912,build,local,final_symptom,exact,test,,test,0,0,0,0,1,0,0
build-local-20280912,build,local,component_heuristic,exact,link,resolve,test,0,1,0,0,1,0,0
build-local-20280912,build,local,flm_no_intervention,exact,link,resolve,resolve,1,1,1,0,1,0,0
build-local-20280912,build,local,flm_no_replay,exact,link,resolve,resolve,1,1,1,1,1,0,0
build-local-20280912,build,local,flm_full,exact,link,resolve,resolve,1,1,1,1,1,0,0
build-local-20280913,build,local,final_symptom,exact,test,,test,0,0,0,0,1,0,0
build-local-20280913,build,local,component_heuristic,exact,link,resolve,test,0,1,0,0,1,0,0
build-local-20280913,build,local,flm_no_intervention,exact,link,resolve,resolve,1,1,1,0,1,0,0
build-local-20280913,build,local,flm_no_replay,exact,link,resolve,resolve,1,1,1,1,1,0,0
build-local-20280913,build,local,flm_full,exact,link,resolve,resolve,1,1,1,1,1,0,0
build-local-20280914,build,local,final_symptom,exact,test,,test,0,0,0,0,1,0,0
build-local-20280914,build,local,component_heuristic,exact,link,resolve,test,0,1,0,0,1,0,0
build-local-20280914,build,local,flm_no_intervention,exact,link,resolve,resolve,1,1,1,0,1,0,0
build-local-20280914,build,local,flm_no_replay,exact,link,resolve,resolve,1,1,1,1,1,0,0
build-local-20280914,build,local,flm_full,exact,link,resolve,resolve,1,1,1,1,1,0,0
build-local-20280915,build,local,final_symptom,exact,test,,test,0,0,0,0,1,0,0
build-local-20280915,build,local,component_heuristic,exact,link,resolve,test,0,1,0,0,1,0,0
build-local-20280915,build,local,flm_no_intervention,exact,link,resolve,resolve,1,1,1,0,1,0,0
build-local-20280915,build,local,flm_no_replay,exact,link,resolve,resolve,1,1,1,1,1,0,0
build-local-20280915,build,local,flm_full,exact,link,resolve,resolve,1,1,1,1,1,0,0
build-local-20280916,build,local,final_symptom,exact,test,,test,0,0,0,0,1,0,0
build-local-20280916,build,local,component_heuristic,exact,link,resolve,test,0,1,0,0,1,0,0
build-local-20280916,build,local,flm_no_intervention,exact,link,resolve,resolve,1,1,1,0,1,0,0
build-local-20280916,build,local,flm_no_replay,exact,link,resolve,resolve,1,1,1,1,1,0,0
build-local-20280916,build,local,flm_full,exact,link,resolve,resolve,1,1,1,1,1,0,0
build-local-20280917,build,local,final_symptom,exact,test,,test,0,0,0,0,1,0,0
build-local-20280917,build,local,component_heuristic,exact,link,resolve,test,0,1,0,0,1,0,0
build-local-20280917,build,local,flm_no_intervention,exact,link,resolve,resolve,1,1,1,0,1,0,0
build-local-20280917,build,local,flm_no_replay,exact,link,resolve,resolve,1,1,1,1,1,0,0
build-local-20280917,build,local,flm_full,exact,link,resolve,resolve,1,1,1,1,1,0,0
build-local-20280918,build,local,final_symptom,exact,test,,test,0,0,0,0,1,0,0
build-local-20280918,build,local,component_heuristic,exact,link,resolve,test,0,1,0,0,1,0,0
build-local-20280918,build,local,flm_no_intervention,exact,link,resolve,resolve,1,1,1,0,1,0,0
build-local-20280918,build,local,flm_no_replay,exact,link,resolve,resolve,1,1,1,1,1,0,0
build-local-20280918,build,local,flm_full,exact,link,resolve,resolve,1,1,1,1,1,0,0
build-local-20280919,build,local,final_symptom,exact,test,,test,0,0,0,0,1,0,0
build-local-20280919,build,local,component_heuristic,exact,link,resolve,test,0,1,0,0,1,0,0
build-local-20280919,build,local,flm_no_intervention,exact,link,resolve,resolve,1,1,1,0,1,0,0
build-local-20280919,build,local,flm_no_replay,exact,link,resolve,resolve,1,1,1,1,1,0,0
build-local-20280919,build,local,flm_full,exact,link,resolve,resolve,1,1,1,1,1,0,0
build-local-20280920,build,local,final_symptom,exact,test,,test,0,0,0,0,1,0,0
build-local-20280920,build,local,component_heuristic,exact,link,resolve,test,0,1,0,0,1,0,0
build-local-20280920,build,local,flm_no_intervention,exact,link,resolve,resolve,1,1,1,0,1,0,0
build-local-20280920,build,local,flm_no_replay,exact,link,resolve,resolve,1,1,1,1,1,0,0
build-local-20280920,build,local,flm_full,exact,link,resolve,resolve,1,1,1,1,1,0,0
build-local-20280921,build,local,final_symptom,exact,test,,test,0,0,0,0,1,0,0
build-local-20280921,build,local,component_heuristic,exact,link,resolve,test,0,1,0,0,1,0,0
build-local-20280921,build,local,flm_no_intervention,exact,link,resolve,resolve,1,1,1,0,1,0,0
build-local-20280921,build,local,flm_no_replay,exact,link,resolve,resolve,1,1,1,1,1,0,0
build-local-20280921,build,local,flm_full,exact,link,resolve,resolve,1,1,1,1,1,0,0
build-local-20280922,build,local,final_symptom,exact,test,,test,0,0,0,0,1,0,0
build-local-20280922,build,local,component_heuristic,exact,link,resolve,test,0,1,0,0,1,0,0
build-local-20280922,build,local,flm_no_intervention,exact,link,resolve,resolve,1,1,1,0,1,0,0
build-local-20280922,build,local,flm_no_replay,exact,link,resolve,resolve,1,1,1,1,1,0,0
build-local-20280922,build,local,flm_full,exact,link,resolve,resolve,1,1,1,1,1,0,0
build-local-20280923,build,local,final_symptom,exact,test,,test,0,0,0,0,1,0,0
build-local-20280923,build,local,component_heuristic,exact,link,resolve,test,0,1,0,0,1,0,0
build-local-20280923,build,local,flm_no_intervention,exact,link,resolve,resolve,1,1,1,0,1,0,0
build-local-20280923,build,local,flm_no_replay,exact,link,resolve,resolve,1,1,1,1,1,0,0
build-local-20280923,build,local,flm_full,exact,link,resolve,resolve,1,1,1,1,1,0,0
build-local-20280924,build,local,final_symptom,exact,test,,test,0,0,0,0,1,0,0
build-local-20280924,build,local,component_heuristic,exact,link,resolve,test,0,1,0,0,1,0,0
build-local-20280924,build,local,flm_no_intervention,exact,link,resolve,resolve,1,1,1,0,1,0,0
build-local-20280924,build,local,flm_no_replay,exact,link,resolve,resolve,1,1,1,1,1,0,0
build-local-20280924,build,local,flm_full,exact,link,resolve,resolve,1,1,1,1,1,0,0
build-local-20280925,build,local,final_symptom,exact,test,,test,0,0,0,0,1,0,0
build-local-20280925,build,local,component_heuristic,exact,link,resolve,test,0,1,0,0,1,0,0
build-local-20280925,build,local,flm_no_intervention,exact,link,resolve,resolve,1,1,1,0,1,0,0
build-local-20280925,build,local,flm_no_replay,exact,link,resolve,resolve,1,1,1,1,1,0,0
build-local-20280925,build,local,flm_full,exact,link,resolve,resolve,1,1,1,1,1,0,0
build-local-20280926,build,local,final_symptom,exact,test,,test,0,0,0,0,1,0,0
build-local-20280926,build,local,component_heuristic,exact,link,resolve,test,0,1,0,0,1,0,0
build-local-20280926,build,local,flm_no_intervention,exact,link,resolve,resolve,1,1,1,0,1,0,0
build-local-20280926,build,local,flm_no_replay,exact,link,resolve,resolve,1,1,1,1,1,0,0
build-local-20280926,build,local,flm_full,exact,link,resolve,resolve,1,1,1,1,1,0,0
build-local-20280927,build,local,final_symptom,exact,test,,test,0,0,0,0,1,0,0
build-local-20280927,build,local,component_heuristic,exact,link,resolve,test,0,1,0,0,1,0,0
build-local-20280927,build,local,flm_no_intervention,exact,link,resolve,resolve,1,1,1,0,1,0,0
build-local-20280927,build,local,flm_no_replay,exact,link,resolve,resolve,1,1,1,1,1,0,0
build-local-20280927,build,local,flm_full,exact,link,resolve,resolve,1,1,1,1,1,0,0
build-local-20280928,build,local,final_symptom,exact,test,,test,0,0,0,0,1,0,0
build-local-20280928,build,local,component_heuristic,exact,link,resolve,test,0,1,0,0,1,0,0
build-local-20280928,build,local,flm_no_intervention,exact,link,resolve,resolve,1,1,1,0,1,0,0
build-local-20280928,build,local,flm_no_replay,exact,link,resolve,resolve,1,1,1,1,1,0,0
build-local-20280928,build,local,flm_full,exact,link,resolve,resolve,1,1,1,1,1,0,0
build-local-20280929,build,local,final_symptom,exact,test,,test,0,0,0,0,1,0,0
build-local-20280929,build,local,component_heuristic,exact,link,resolve,test,0,1,0,0,1,0,0
build-local-20280929,build,local,flm_no_intervention,exact,link,resolve,resolve,1,1,1,0,1,0,0
build-local-20280929,build,local,flm_no_replay,exact,link,resolve,resolve,1,1,1,1,1,0,0
build-local-20280929,build,local,flm_full,exact,link,resolve,resolve,1,1,1,1,1,0,0
build-local-20280930,build,local,final_symptom,exact,test,,test,0,0,0,0,1,0,0
build-local-20280930,build,local,component_heuristic,exact,link,resolve,test,0,1,0,0,1,0,0
build-local-20280930,build,local,flm_no_intervention,exact,link,resolve,resolve,1,1,1,0,1,0,0
build-local-20280930,build,local,flm_no_replay,exact,link,resolve,resolve,1,1,1,1,1,0,0
build-local-20280930,build,local,flm_full,exact,link,resolve,resolve,1,1,1,1,1,0,0
build-direct-20281911,build,direct,final_symptom,exact,test,,test,0,0,0,0,1,0,0
build-direct-20281911,build,direct,component_heuristic,exact,link,,test,0,1,0,0,1,0,0
build-direct-20281911,build,direct,flm_no_intervention,exact,link,,link,1,1,1,0,1,0,0
build-direct-20281911,build,direct,flm_no_replay,exact,link,,link,1,1,1,1,1,0,0
build-direct-20281911,build,direct,flm_full,exact,link,,link,1,1,1,1,1,0,0
build-direct-20281912,build,direct,final_symptom,exact,test,,test,0,0,0,0,1,0,0
build-direct-20281912,build,direct,component_heuristic,exact,link,,test,0,1,0,0,1,0,0
build-direct-20281912,build,direct,flm_no_intervention,exact,link,,link,1,1,1,0,1,0,0
build-direct-20281912,build,direct,flm_no_replay,exact,link,,link,1,1,1,1,1,0,0
build-direct-20281912,build,direct,flm_full,exact,link,,link,1,1,1,1,1,0,0
build-direct-20281913,build,direct,final_symptom,exact,test,,test,0,0,0,0,1,0,0
build-direct-20281913,build,direct,component_heuristic,exact,link,,test,0,1,0,0,1,0,0
build-direct-20281913,build,direct,flm_no_intervention,exact,link,,link,1,1,1,0,1,0,0
build-direct-20281913,build,direct,flm_no_replay,exact,link,,link,1,1,1,1,1,0,0
build-direct-20281913,build,direct,flm_full,exact,link,,link,1,1,1,1,1,0,0
build-direct-20281914,build,direct,final_symptom,exact,test,,test,0,0,0,0,1,0,0
build-direct-20281914,build,direct,component_heuristic,exact,link,,test,0,1,0,0,1,0,0
build-direct-20281914,build,direct,flm_no_intervention,exact,link,,link,1,1,1,0,1,0,0
build-direct-20281914,build,direct,flm_no_replay,exact,link,,link,1,1,1,1,1,0,0
build-direct-20281914,build,direct,flm_full,exact,link,,link,1,1,1,1,1,0,0
build-direct-20281915,build,direct,final_symptom,exact,test,,test,0,0,0,0,1,0,0
build-direct-20281915,build,direct,component_heuristic,exact,link,,test,0,1,0,0,1,0,0
build-direct-20281915,build,direct,flm_no_intervention,exact,link,,link,1,1,1,0,1,0,0
build-direct-20281915,build,direct,flm_no_replay,exact,link,,link,1,1,1,1,1,0,0
build-direct-20281915,build,direct,flm_full,exact,link,,link,1,1,1,1,1,0,0
build-direct-20281916,build,direct,final_symptom,exact,test,,test,0,0,0,0,1,0,0
build-direct-20281916,build,direct,component_heuristic,exact,link,,test,0,1,0,0,1,0,0
build-direct-20281916,build,direct,flm_no_intervention,exact,link,,link,1,1,1,0,1,0,0
build-direct-20281916,build,direct,flm_no_replay,exact,link,,link,1,1,1,1,1,0,0
build-direct-20281916,build,direct,flm_full,exact,link,,link,1,1,1,1,1,0,0
build-direct-20281917,build,direct,final_symptom,exact,test,,test,0,0,0,0,1,0,0
build-direct-20281917,build,direct,component_heuristic,exact,link,,test,0,1,0,0,1,0,0
build-direct-20281917,build,direct,flm_no_intervention,exact,link,,link,1,1,1,0,1,0,0
build-direct-20281917,build,direct,flm_no_replay,exact,link,,link,1,1,1,1,1,0,0
build-direct-20281917,build,direct,flm_full,exact,link,,link,1,1,1,1,1,0,0
build-direct-20281918,build,direct,final_symptom,exact,test,,test,0,0,0,0,1,0,0
build-direct-20281918,build,direct,component_heuristic,exact,link,,test,0,1,0,0,1,0,0
build-direct-20281918,build,direct,flm_no_intervention,exact,link,,link,1,1,1,0,1,0,0
build-direct-20281918,build,direct,flm_no_replay,exact,link,,link,1,1,1,1,1,0,0
build-direct-20281918,build,direct,flm_full,exact,link,,link,1,1,1,1,1,0,0
build-direct-20281919,build,direct,final_symptom,exact,test,,test,0,0,0,0,1,0,0
build-direct-20281919,build,direct,component_heuristic,exact,link,,test,0,1,0,0,1,0,0
build-direct-20281919,build,direct,flm_no_intervention,exact,link,,link,1,1,1,0,1,0,0
build-direct-20281919,build,direct,flm_no_replay,exact,link,,link,1,1,1,1,1,0,0
build-direct-20281919,build,direct,flm_full,exact,link,,link,1,1,1,1,1,0,0
build-direct-20281920,build,direct,final_symptom,exact,test,,test,0,0,0,0,1,0,0
build-direct-20281920,build,direct,component_heuristic,exact,link,,test,0,1,0,0,1,0,0
build-direct-20281920,build,direct,flm_no_intervention,exact,link,,link,1,1,1,0,1,0,0
build-direct-20281920,build,direct,flm_no_replay,exact,link,,link,1,1,1,1,1,0,0
build-direct-20281920,build,direct,flm_full,exact,link,,link,1,1,1,1,1,0,0
build-direct-20281921,build,direct,final_symptom,exact,test,,test,0,0,0,0,1,0,0
build-direct-20281921,build,direct,component_heuristic,exact,link,,test,0,1,0,0,1,0,0
build-direct-20281921,build,direct,flm_no_intervention,exact,link,,link,1,1,1,0,1,0,0
build-direct-20281921,build,direct,flm_no_replay,exact,link,,link,1,1,1,1,1,0,0
build-direct-20281921,build,direct,flm_full,exact,link,,link,1,1,1,1,1,0,0
build-direct-20281922,build,direct,final_symptom,exact,test,,test,0,0,0,0,1,0,0
build-direct-20281922,build,direct,component_heuristic,exact,link,,test,0,1,0,0,1,0,0
build-direct-20281922,build,direct,flm_no_intervention,exact,link,,link,1,1,1,0,1,0,0
build-direct-20281922,build,direct,flm_no_replay,exact,link,,link,1,1,1,1,1,0,0
build-direct-20281922,build,direct,flm_full,exact,link,,link,1,1,1,1,1,0,0
build-direct-20281923,build,direct,final_symptom,exact,test,,test,0,0,0,0,1,0,0
build-direct-20281923,build,direct,component_heuristic,exact,link,,test,0,1,0,0,1,0,0
build-direct-20281923,build,direct,flm_no_intervention,exact,link,,link,1,1,1,0,1,0,0
build-direct-20281923,build,direct,flm_no_replay,exact,link,,link,1,1,1,1,1,0,0
build-direct-20281923,build,direct,flm_full,exact,link,,link,1,1,1,1,1,0,0
build-direct-20281924,build,direct,final_symptom,exact,test,,test,0,0,0,0,1,0,0
build-direct-20281924,build,direct,component_heuristic,exact,link,,test,0,1,0,0,1,0,0
build-direct-20281924,build,direct,flm_no_intervention,exact,link,,link,1,1,1,0,1,0,0
build-direct-20281924,build,direct,flm_no_replay,exact,link,,link,1,1,1,1,1,0,0
build-direct-20281924,build,direct,flm_full,exact,link,,link,1,1,1,1,1,0,0
build-direct-20281925,build,direct,final_symptom,exact,test,,test,0,0,0,0,1,0,0
build-direct-20281925,build,direct,component_heuristic,exact,link,,test,0,1,0,0,1,0,0
build-direct-20281925,build,direct,flm_no_intervention,exact,link,,link,1,1,1,0,1,0,0
build-direct-20281925,build,direct,flm_no_replay,exact,link,,link,1,1,1,1,1,0,0
build-direct-20281925,build,direct,flm_full,exact,link,,link,1,1,1,1,1,0,0
build-direct-20281926,build,direct,final_symptom,exact,test,,test,0,0,0,0,1,0,0
build-direct-20281926,build,direct,component_heuristic,exact,link,,test,0,1,0,0,1,0,0
build-direct-20281926,build,direct,flm_no_intervention,exact,link,,link,1,1,1,0,1,0,0
build-direct-20281926,build,direct,flm_no_replay,exact,link,,link,1,1,1,1,1,0,0
build-direct-20281926,build,direct,flm_full,exact,link,,link,1,1,1,1,1,0,0
build-direct-20281927,build,direct,final_symptom,exact,test,,test,0,0,0,0,1,0,0
build-direct-20281927,build,direct,component_heuristic,exact,link,,test,0,1,0,0,1,0,0
build-direct-20281927,build,direct,flm_no_intervention,exact,link,,link,1,1,1,0,1,0,0
build-direct-20281927,build,direct,flm_no_replay,exact,link,,link,1,1,1,1,1,0,0
build-direct-20281927,build,direct,flm_full,exact,link,,link,1,1,1,1,1,0,0
build-direct-20281928,build,direct,final_symptom,exact,test,,test,0,0,0,0,1,0,0
build-direct-20281928,build,direct,component_heuristic,exact,link,,test,0,1,0,0,1,0,0
build-direct-20281928,build,direct,flm_no_intervention,exact,link,,link,1,1,1,0,1,0,0
build-direct-20281928,build,direct,flm_no_replay,exact,link,,link,1,1,1,1,1,0,0
build-direct-20281928,build,direct,flm_full,exact,link,,link,1,1,1,1,1,0,0
build-direct-20281929,build,direct,final_symptom,exact,test,,test,0,0,0,0,1,0,0
build-direct-20281929,build,direct,component_heuristic,exact,link,,test,0,1,0,0,1,0,0
build-direct-20281929,build,direct,flm_no_intervention,exact,link,,link,1,1,1,0,1,0,0
build-direct-20281929,build,direct,flm_no_replay,exact,link,,link,1,1,1,1,1,0,0
build-direct-20281929,build,direct,flm_full,exact,link,,link,1,1,1,1,1,0,0
build-direct-20281930,build,direct,final_symptom,exact,test,,test,0,0,0,0,1,0,0
build-direct-20281930,build,direct,component_heuristic,exact,link,,test,0,1,0,0,1,0,0
build-direct-20281930,build,direct,flm_no_intervention,exact,link,,link,1,1,1,0,1,0,0
build-direct-20281930,build,direct,flm_no_replay,exact,link,,link,1,1,1,1,1,0,0
build-direct-20281930,build,direct,flm_full,exact,link,,link,1,1,1,1,1,0,0
build-partial-20282911,build,partial,final_symptom,exact,test,,test,0,0,0,0,0,1,1
build-partial-20282911,build,partial,component_heuristic,exact,test,resolve,test,0,0,0,0,0,1,1
build-partial-20282911,build,partial,flm_no_intervention,bounded,,resolve,,1,0,0,0,0,0,1
build-partial-20282911,build,partial,flm_no_replay,bounded,,resolve,,1,0,0,0,0,0,1
build-partial-20282911,build,partial,flm_full,bounded,,resolve,,1,0,0,0,0,0,1
build-partial-20282912,build,partial,final_symptom,exact,test,,test,0,0,0,0,0,1,1
build-partial-20282912,build,partial,component_heuristic,exact,test,resolve,test,0,0,0,0,0,1,1
build-partial-20282912,build,partial,flm_no_intervention,bounded,,resolve,,1,0,0,0,0,0,1
build-partial-20282912,build,partial,flm_no_replay,bounded,,resolve,,1,0,0,0,0,0,1
build-partial-20282912,build,partial,flm_full,bounded,,resolve,,1,0,0,0,0,0,1
build-partial-20282913,build,partial,final_symptom,exact,test,,test,0,0,0,0,0,1,1
build-partial-20282913,build,partial,component_heuristic,exact,test,resolve,test,0,0,0,0,0,1,1
build-partial-20282913,build,partial,flm_no_intervention,bounded,,resolve,,1,0,0,0,0,0,1
build-partial-20282913,build,partial,flm_no_replay,bounded,,resolve,,1,0,0,0,0,0,1
build-partial-20282913,build,partial,flm_full,bounded,,resolve,,1,0,0,0,0,0,1
build-partial-20282914,build,partial,final_symptom,exact,test,,test,0,0,0,0,0,1,1
build-partial-20282914,build,partial,component_heuristic,exact,test,resolve,test,0,0,0,0,0,1,1
build-partial-20282914,build,partial,flm_no_intervention,bounded,,resolve,,1,0,0,0,0,0,1
build-partial-20282914,build,partial,flm_no_replay,bounded,,resolve,,1,0,0,0,0,0,1
build-partial-20282914,build,partial,flm_full,bounded,,resolve,,1,0,0,0,0,0,1
build-partial-20282915,build,partial,final_symptom,exact,test,,test,0,0,0,0,0,1,1
build-partial-20282915,build,partial,component_heuristic,exact,test,resolve,test,0,0,0,0,0,1,1
build-partial-20282915,build,partial,flm_no_intervention,bounded,,resolve,,1,0,0,0,0,0,1
build-partial-20282915,build,partial,flm_no_replay,bounded,,resolve,,1,0,0,0,0,0,1
build-partial-20282915,build,partial,flm_full,bounded,,resolve,,1,0,0,0,0,0,1
build-partial-20282916,build,partial,final_symptom,exact,test,,test,0,0,0,0,0,1,1
build-partial-20282916,build,partial,component_heuristic,exact,test,resolve,test,0,0,0,0,0,1,1
build-partial-20282916,build,partial,flm_no_intervention,bounded,,resolve,,1,0,0,0,0,0,1
build-partial-20282916,build,partial,flm_no_replay,bounded,,resolve,,1,0,0,0,0,0,1
build-partial-20282916,build,partial,flm_full,bounded,,resolve,,1,0,0,0,0,0,1
build-partial-20282917,build,partial,final_symptom,exact,test,,test,0,0,0,0,0,1,1
build-partial-20282917,build,partial,component_heuristic,exact,test,resolve,test,0,0,0,0,0,1,1
build-partial-20282917,build,partial,flm_no_intervention,bounded,,resolve,,1,0,0,0,0,0,1
build-partial-20282917,build,partial,flm_no_replay,bounded,,resolve,,1,0,0,0,0,0,1
build-partial-20282917,build,partial,flm_full,bounded,,resolve,,1,0,0,0,0,0,1
build-partial-20282918,build,partial,final_symptom,exact,test,,test,0,0,0,0,0,1,1
build-partial-20282918,build,partial,component_heuristic,exact,test,resolve,test,0,0,0,0,0,1,1
build-partial-20282918,build,partial,flm_no_intervention,bounded,,resolve,,1,0,0,0,0,0,1
build-partial-20282918,build,partial,flm_no_replay,bounded,,resolve,,1,0,0,0,0,0,1
build-partial-20282918,build,partial,flm_full,bounded,,resolve,,1,0,0,0,0,0,1
build-partial-20282919,build,partial,final_symptom,exact,test,,test,0,0,0,0,0,1,1
build-partial-20282919,build,partial,component_heuristic,exact,test,resolve,test,0,0,0,0,0,1,1
build-partial-20282919,build,partial,flm_no_intervention,bounded,,resolve,,1,0,0,0,0,0,1
build-partial-20282919,build,partial,flm_no_replay,bounded,,resolve,,1,0,0,0,0,0,1
build-partial-20282919,build,partial,flm_full,bounded,,resolve,,1,0,0,0,0,0,1
build-partial-20282920,build,partial,final_symptom,exact,test,,test,0,0,0,0,0,1,1
build-partial-20282920,build,partial,component_heuristic,exact,test,resolve,test,0,0,0,0,0,1,1
build-partial-20282920,build,partial,flm_no_intervention,bounded,,resolve,,1,0,0,0,0,0,1
build-partial-20282920,build,partial,flm_no_replay,bounded,,resolve,,1,0,0,0,0,0,1
build-partial-20282920,build,partial,flm_full,bounded,,resolve,,1,0,0,0,0,0,1
build-partial-20282921,build,partial,final_symptom,exact,test,,test,0,0,0,0,0,1,1
build-partial-20282921,build,partial,component_heuristic,exact,test,resolve,test,0,0,0,0,0,1,1
build-partial-20282921,build,partial,flm_no_intervention,bounded,,resolve,,1,0,0,0,0,0,1
build-partial-20282921,build,partial,flm_no_replay,bounded,,resolve,,1,0,0,0,0,0,1
build-partial-20282921,build,partial,flm_full,bounded,,resolve,,1,0,0,0,0,0,1
build-partial-20282922,build,partial,final_symptom,exact,test,,test,0,0,0,0,0,1,1
build-partial-20282922,build,partial,component_heuristic,exact,test,resolve,test,0,0,0,0,0,1,1
build-partial-20282922,build,partial,flm_no_intervention,bounded,,resolve,,1,0,0,0,0,0,1
build-partial-20282922,build,partial,flm_no_replay,bounded,,resolve,,1,0,0,0,0,0,1
build-partial-20282922,build,partial,flm_full,bounded,,resolve,,1,0,0,0,0,0,1
build-partial-20282923,build,partial,final_symptom,exact,test,,test,0,0,0,0,0,1,1
build-partial-20282923,build,partial,component_heuristic,exact,test,resolve,test,0,0,0,0,0,1,1
build-partial-20282923,build,partial,flm_no_intervention,bounded,,resolve,,1,0,0,0,0,0,1
build-partial-20282923,build,partial,flm_no_replay,bounded,,resolve,,1,0,0,0,0,0,1
build-partial-20282923,build,partial,flm_full,bounded,,resolve,,1,0,0,0,0,0,1
build-partial-20282924,build,partial,final_symptom,exact,test,,test,0,0,0,0,0,1,1
build-partial-20282924,build,partial,component_heuristic,exact,test,resolve,test,0,0,0,0,0,1,1
build-partial-20282924,build,partial,flm_no_intervention,bounded,,resolve,,1,0,0,0,0,0,1
build-partial-20282924,build,partial,flm_no_replay,bounded,,resolve,,1,0,0,0,0,0,1
build-partial-20282924,build,partial,flm_full,bounded,,resolve,,1,0,0,0,0,0,1
build-partial-20282925,build,partial,final_symptom,exact,test,,test,0,0,0,0,0,1,1
build-partial-20282925,build,partial,component_heuristic,exact,test,resolve,test,0,0,0,0,0,1,1
build-partial-20282925,build,partial,flm_no_intervention,bounded,,resolve,,1,0,0,0,0,0,1
build-partial-20282925,build,partial,flm_no_replay,bounded,,resolve,,1,0,0,0,0,0,1
build-partial-20282925,build,partial,flm_full,bounded,,resolve,,1,0,0,0,0,0,1
build-partial-20282926,build,partial,final_symptom,exact,test,,test,0,0,0,0,0,1,1
build-partial-20282926,build,partial,component_heuristic,exact,test,resolve,test,0,0,0,0,0,1,1
build-partial-20282926,build,partial,flm_no_intervention,bounded,,resolve,,1,0,0,0,0,0,1
build-partial-20282926,build,partial,flm_no_replay,bounded,,resolve,,1,0,0,0,0,0,1
build-partial-20282926,build,partial,flm_full,bounded,,resolve,,1,0,0,0,0,0,1
build-partial-20282927,build,partial,final_symptom,exact,test,,test,0,0,0,0,0,1,1
build-partial-20282927,build,partial,component_heuristic,exact,test,resolve,test,0,0,0,0,0,1,1
build-partial-20282927,build,partial,flm_no_intervention,bounded,,resolve,,1,0,0,0,0,0,1
build-partial-20282927,build,partial,flm_no_replay,bounded,,resolve,,1,0,0,0,0,0,1
build-partial-20282927,build,partial,flm_full,bounded,,resolve,,1,0,0,0,0,0,1
build-partial-20282928,build,partial,final_symptom,exact,test,,test,0,0,0,0,0,1,1
build-partial-20282928,build,partial,component_heuristic,exact,test,resolve,test,0,0,0,0,0,1,1
build-partial-20282928,build,partial,flm_no_intervention,bounded,,resolve,,1,0,0,0,0,0,1
build-partial-20282928,build,partial,flm_no_replay,bounded,,resolve,,1,0,0,0,0,0,1
build-partial-20282928,build,partial,flm_full,bounded,,resolve,,1,0,0,0,0,0,1
build-partial-20282929,build,partial,final_symptom,exact,test,,test,0,0,0,0,0,1,1
build-partial-20282929,build,partial,component_heuristic,exact,test,resolve,test,0,0,0,0,0,1,1
build-partial-20282929,build,partial,flm_no_intervention,bounded,,resolve,,1,0,0,0,0,0,1
build-partial-20282929,build,partial,flm_no_replay,bounded,,resolve,,1,0,0,0,0,0,1
build-partial-20282929,build,partial,flm_full,bounded,,resolve,,1,0,0,0,0,0,1
build-partial-20282930,build,partial,final_symptom,exact,test,,test,0,0,0,0,0,1,1
build-partial-20282930,build,partial,component_heuristic,exact,test,resolve,test,0,0,0,0,0,1,1
build-partial-20282930,build,partial,flm_no_intervention,bounded,,resolve,,1,0,0,0,0,0,1
build-partial-20282930,build,partial,flm_no_replay,bounded,,resolve,,1,0,0,0,0,0,1
build-partial-20282930,build,partial,flm_full,bounded,,resolve,,1,0,0,0,0,0,1
build-noisy-20283911,build,noisy,final_symptom,exact,test,,test,0,0,0,0,1,0,0
build-noisy-20283911,build,noisy,component_heuristic,exact,link,resolve,test,0,1,0,0,1,0,0
build-noisy-20283911,build,noisy,flm_no_intervention,exact,link,resolve,resolve,1,1,1,0,1,0,0
build-noisy-20283911,build,noisy,flm_no_replay,exact,link,resolve,resolve,1,1,1,1,1,0,0
build-noisy-20283911,build,noisy,flm_full,exact,link,resolve,resolve,1,1,1,1,1,0,0
build-noisy-20283912,build,noisy,final_symptom,exact,test,,test,0,0,0,0,1,0,0
build-noisy-20283912,build,noisy,component_heuristic,exact,link,resolve,test,0,1,0,0,1,0,0
build-noisy-20283912,build,noisy,flm_no_intervention,exact,link,resolve,resolve,1,1,1,0,1,0,0
build-noisy-20283912,build,noisy,flm_no_replay,exact,link,resolve,resolve,1,1,1,1,1,0,0
build-noisy-20283912,build,noisy,flm_full,exact,link,resolve,resolve,1,1,1,1,1,0,0
build-noisy-20283913,build,noisy,final_symptom,exact,test,,test,0,0,0,0,1,0,0
build-noisy-20283913,build,noisy,component_heuristic,exact,test,,test,0,0,0,0,1,0,0
build-noisy-20283913,build,noisy,flm_no_intervention,exact,link,resolve,resolve,1,1,1,0,1,0,0
build-noisy-20283913,build,noisy,flm_no_replay,exact,test,,test,0,0,0,0,1,0,0
build-noisy-20283913,build,noisy,flm_full,exact,link,resolve,resolve,1,1,1,1,1,0,0
build-noisy-20283914,build,noisy,final_symptom,exact,test,,test,0,0,0,0,1,0,0
build-noisy-20283914,build,noisy,component_heuristic,exact,link,resolve,test,0,1,0,0,1,0,0
build-noisy-20283914,build,noisy,flm_no_intervention,exact,test,,test,0,0,0,0,1,0,0
build-noisy-20283914,build,noisy,flm_no_replay,exact,link,resolve,resolve,1,1,1,1,1,0,0
build-noisy-20283914,build,noisy,flm_full,exact,test,,test,0,0,0,0,1,0,0
build-noisy-20283915,build,noisy,final_symptom,exact,test,,test,0,0,0,0,1,0,0
build-noisy-20283915,build,noisy,component_heuristic,exact,link,resolve,test,0,1,0,0,1,0,0
build-noisy-20283915,build,noisy,flm_no_intervention,exact,link,resolve,resolve,1,1,1,0,1,0,0
build-noisy-20283915,build,noisy,flm_no_replay,exact,link,resolve,resolve,1,1,1,1,1,0,0
build-noisy-20283915,build,noisy,flm_full,exact,link,resolve,resolve,1,1,1,1,1,0,0
build-noisy-20283916,build,noisy,final_symptom,exact,test,,test,0,0,0,0,1,0,0
build-noisy-20283916,build,noisy,component_heuristic,exact,test,,test,0,0,0,0,1,0,0
build-noisy-20283916,build,noisy,flm_no_intervention,exact,link,resolve,resolve,1,1,1,0,1,0,0
build-noisy-20283916,build,noisy,flm_no_replay,exact,test,,test,0,0,0,0,1,0,0
build-noisy-20283916,build,noisy,flm_full,exact,link,resolve,resolve,1,1,1,1,1,0,0
build-noisy-20283917,build,noisy,final_symptom,exact,test,,test,0,0,0,0,1,0,0
build-noisy-20283917,build,noisy,component_heuristic,exact,test,,test,0,0,0,0,1,0,0
build-noisy-20283917,build,noisy,flm_no_intervention,exact,link,resolve,resolve,1,1,1,0,1,0,0
build-noisy-20283917,build,noisy,flm_no_replay,exact,test,,test,0,0,0,0,1,0,0
build-noisy-20283917,build,noisy,flm_full,exact,link,resolve,resolve,1,1,1,1,1,0,0
build-noisy-20283918,build,noisy,final_symptom,exact,test,,test,0,0,0,0,1,0,0
build-noisy-20283918,build,noisy,component_heuristic,exact,link,resolve,test,0,1,0,0,1,0,0
build-noisy-20283918,build,noisy,flm_no_intervention,exact,link,resolve,resolve,1,1,1,0,1,0,0
build-noisy-20283918,build,noisy,flm_no_replay,exact,link,resolve,resolve,1,1,1,1,1,0,0
build-noisy-20283918,build,noisy,flm_full,exact,link,resolve,resolve,1,1,1,1,1,0,0
build-noisy-20283919,build,noisy,final_symptom,exact,test,,test,0,0,0,0,1,0,0
build-noisy-20283919,build,noisy,component_heuristic,exact,test,,test,0,0,0,0,1,0,0
build-noisy-20283919,build,noisy,flm_no_intervention,exact,test,,test,0,0,0,0,1,0,0
build-noisy-20283919,build,noisy,flm_no_replay,exact,test,,test,0,0,0,0,1,0,0
build-noisy-20283919,build,noisy,flm_full,exact,test,,test,0,0,0,0,1,0,0
build-noisy-20283920,build,noisy,final_symptom,exact,test,,test,0,0,0,0,1,0,0
build-noisy-20283920,build,noisy,component_heuristic,exact,link,resolve,test,0,1,0,0,1,0,0
build-noisy-20283920,build,noisy,flm_no_intervention,exact,link,resolve,resolve,1,1,1,0,1,0,0
build-noisy-20283920,build,noisy,flm_no_replay,exact,link,resolve,resolve,1,1,1,1,1,0,0
build-noisy-20283920,build,noisy,flm_full,exact,link,resolve,resolve,1,1,1,1,1,0,0
build-noisy-20283921,build,noisy,final_symptom,exact,test,,test,0,0,0,0,1,0,0
build-noisy-20283921,build,noisy,component_heuristic,exact,link,resolve,test,0,1,0,0,1,0,0
build-noisy-20283921,build,noisy,flm_no_intervention,exact,link,resolve,resolve,1,1,1,0,1,0,0
build-noisy-20283921,build,noisy,flm_no_replay,exact,link,resolve,resolve,1,1,1,1,1,0,0
build-noisy-20283921,build,noisy,flm_full,exact,link,resolve,resolve,1,1,1,1,1,0,0
build-noisy-20283922,build,noisy,final_symptom,exact,test,,test,0,0,0,0,1,0,0
build-noisy-20283922,build,noisy,component_heuristic,exact,link,resolve,test,0,1,0,0,1,0,0
build-noisy-20283922,build,noisy,flm_no_intervention,exact,link,resolve,resolve,1,1,1,0,1,0,0
build-noisy-20283922,build,noisy,flm_no_replay,exact,link,resolve,resolve,1,1,1,1,1,0,0
build-noisy-20283922,build,noisy,flm_full,exact,link,resolve,resolve,1,1,1,1,1,0,0
build-noisy-20283923,build,noisy,final_symptom,exact,test,,test,0,0,0,0,1,0,0
build-noisy-20283923,build,noisy,component_heuristic,exact,link,resolve,test,0,1,0,0,1,0,0
build-noisy-20283923,build,noisy,flm_no_intervention,exact,link,resolve,resolve,1,1,1,0,1,0,0
build-noisy-20283923,build,noisy,flm_no_replay,exact,link,resolve,resolve,1,1,1,1,1,0,0
build-noisy-20283923,build,noisy,flm_full,exact,link,resolve,resolve,1,1,1,1,1,0,0
build-noisy-20283924,build,noisy,final_symptom,exact,test,,test,0,0,0,0,1,0,0
build-noisy-20283924,build,noisy,component_heuristic,exact,link,resolve,test,0,1,0,0,1,0,0
build-noisy-20283924,build,noisy,flm_no_intervention,exact,link,resolve,resolve,1,1,1,0,1,0,0
build-noisy-20283924,build,noisy,flm_no_replay,exact,link,resolve,resolve,1,1,1,1,1,0,0
build-noisy-20283924,build,noisy,flm_full,exact,link,resolve,resolve,1,1,1,1,1,0,0
build-noisy-20283925,build,noisy,final_symptom,exact,test,,test,0,0,0,0,1,0,0
build-noisy-20283925,build,noisy,component_heuristic,exact,link,resolve,test,0,1,0,0,1,0,0
build-noisy-20283925,build,noisy,flm_no_intervention,exact,link,resolve,resolve,1,1,1,0,1,0,0
build-noisy-20283925,build,noisy,flm_no_replay,exact,link,resolve,resolve,1,1,1,1,1,0,0
build-noisy-20283925,build,noisy,flm_full,exact,link,resolve,resolve,1,1,1,1,1,0,0
build-noisy-20283926,build,noisy,final_symptom,exact,test,,test,0,0,0,0,1,0,0
build-noisy-20283926,build,noisy,component_heuristic,exact,link,resolve,test,0,1,0,0,1,0,0
build-noisy-20283926,build,noisy,flm_no_intervention,exact,link,resolve,resolve,1,1,1,0,1,0,0
build-noisy-20283926,build,noisy,flm_no_replay,exact,link,resolve,resolve,1,1,1,1,1,0,0
build-noisy-20283926,build,noisy,flm_full,exact,link,resolve,resolve,1,1,1,1,1,0,0
build-noisy-20283927,build,noisy,final_symptom,exact,test,,test,0,0,0,0,1,0,0
build-noisy-20283927,build,noisy,component_heuristic,exact,link,resolve,test,0,1,0,0,1,0,0
build-noisy-20283927,build,noisy,flm_no_intervention,exact,link,resolve,resolve,1,1,1,0,1,0,0
build-noisy-20283927,build,noisy,flm_no_replay,exact,link,resolve,resolve,1,1,1,1,1,0,0
build-noisy-20283927,build,noisy,flm_full,exact,link,resolve,resolve,1,1,1,1,1,0,0
build-noisy-20283928,build,noisy,final_symptom,exact,test,,test,0,0,0,0,1,0,0
build-noisy-20283928,build,noisy,component_heuristic,exact,test,,test,0,0,0,0,1,0,0
build-noisy-20283928,build,noisy,flm_no_intervention,exact,link,resolve,resolve,1,1,1,0,1,0,0
build-noisy-20283928,build,noisy,flm_no_replay,exact,test,,test,0,0,0,0,1,0,0
build-noisy-20283928,build,noisy,flm_full,exact,link,resolve,resolve,1,1,1,1,1,0,0
build-noisy-20283929,build,noisy,final_symptom,exact,test,,test,0,0,0,0,1,0,0
build-noisy-20283929,build,noisy,component_heuristic,exact,link,resolve,test,0,1,0,0,1,0,0
build-noisy-20283929,build,noisy,flm_no_intervention,exact,link,resolve,resolve,1,1,1,0,1,0,0
build-noisy-20283929,build,noisy,flm_no_replay,exact,link,resolve,resolve,1,1,1,1,1,0,0
build-noisy-20283929,build,noisy,flm_full,exact,link,resolve,resolve,1,1,1,1,1,0,0
build-noisy-20283930,build,noisy,final_symptom,exact,test,,test,0,0,0,0,1,0,0
build-noisy-20283930,build,noisy,component_heuristic,exact,link,resolve,test,0,1,0,0,1,0,0
build-noisy-20283930,build,noisy,flm_no_intervention,exact,link,resolve,resolve,1,1,1,0,1,0,0
build-noisy-20283930,build,noisy,flm_no_replay,exact,link,resolve,resolve,1,1,1,1,1,0,0
build-noisy-20283930,build,noisy,flm_full,exact,link,resolve,resolve,1,1,1,1,1,0,0
build-nonlocal-20284911,build,nonlocal,final_symptom,exact,test,,test,0,0,0,0,0,1,1
build-nonlocal-20284911,build,nonlocal,component_heuristic,exact,test,,test,0,0,0,0,0,1,1
build-nonlocal-20284911,build,nonlocal,flm_no_intervention,exception,test,,,1,0,0,0,0,0,1
build-nonlocal-20284911,build,nonlocal,flm_no_replay,exception,test,,,1,0,0,0,0,0,1
build-nonlocal-20284911,build,nonlocal,flm_full,exception,test,,,1,0,0,0,0,0,1
build-nonlocal-20284912,build,nonlocal,final_symptom,exact,test,,test,0,0,0,0,0,1,1
build-nonlocal-20284912,build,nonlocal,component_heuristic,exact,test,,test,0,0,0,0,0,1,1
build-nonlocal-20284912,build,nonlocal,flm_no_intervention,exception,test,,,1,0,0,0,0,0,1
build-nonlocal-20284912,build,nonlocal,flm_no_replay,exception,test,,,1,0,0,0,0,0,1
build-nonlocal-20284912,build,nonlocal,flm_full,exception,test,,,1,0,0,0,0,0,1
build-nonlocal-20284913,build,nonlocal,final_symptom,exact,test,,test,0,0,0,0,0,1,1
build-nonlocal-20284913,build,nonlocal,component_heuristic,exact,test,,test,0,0,0,0,0,1,1
build-nonlocal-20284913,build,nonlocal,flm_no_intervention,exception,test,,,1,0,0,0,0,0,1
build-nonlocal-20284913,build,nonlocal,flm_no_replay,exception,test,,,1,0,0,0,0,0,1
build-nonlocal-20284913,build,nonlocal,flm_full,exception,test,,,1,0,0,0,0,0,1
build-nonlocal-20284914,build,nonlocal,final_symptom,exact,test,,test,0,0,0,0,0,1,1
build-nonlocal-20284914,build,nonlocal,component_heuristic,exact,test,,test,0,0,0,0,0,1,1
build-nonlocal-20284914,build,nonlocal,flm_no_intervention,exception,test,,,1,0,0,0,0,0,1
build-nonlocal-20284914,build,nonlocal,flm_no_replay,exception,test,,,1,0,0,0,0,0,1
build-nonlocal-20284914,build,nonlocal,flm_full,exception,test,,,1,0,0,0,0,0,1
build-nonlocal-20284915,build,nonlocal,final_symptom,exact,test,,test,0,0,0,0,0,1,1
build-nonlocal-20284915,build,nonlocal,component_heuristic,exact,test,,test,0,0,0,0,0,1,1
build-nonlocal-20284915,build,nonlocal,flm_no_intervention,exception,test,,,1,0,0,0,0,0,1
build-nonlocal-20284915,build,nonlocal,flm_no_replay,exception,test,,,1,0,0,0,0,0,1
build-nonlocal-20284915,build,nonlocal,flm_full,exception,test,,,1,0,0,0,0,0,1
build-nonlocal-20284916,build,nonlocal,final_symptom,exact,test,,test,0,0,0,0,0,1,1
build-nonlocal-20284916,build,nonlocal,component_heuristic,exact,test,,test,0,0,0,0,0,1,1
build-nonlocal-20284916,build,nonlocal,flm_no_intervention,exception,test,,,1,0,0,0,0,0,1
build-nonlocal-20284916,build,nonlocal,flm_no_replay,exception,test,,,1,0,0,0,0,0,1
build-nonlocal-20284916,build,nonlocal,flm_full,exception,test,,,1,0,0,0,0,0,1
build-nonlocal-20284917,build,nonlocal,final_symptom,exact,test,,test,0,0,0,0,0,1,1
build-nonlocal-20284917,build,nonlocal,component_heuristic,exact,test,,test,0,0,0,0,0,1,1
build-nonlocal-20284917,build,nonlocal,flm_no_intervention,exception,test,,,1,0,0,0,0,0,1
build-nonlocal-20284917,build,nonlocal,flm_no_replay,exception,test,,,1,0,0,0,0,0,1
build-nonlocal-20284917,build,nonlocal,flm_full,exception,test,,,1,0,0,0,0,0,1
build-nonlocal-20284918,build,nonlocal,final_symptom,exact,test,,test,0,0,0,0,0,1,1
build-nonlocal-20284918,build,nonlocal,component_heuristic,exact,test,,test,0,0,0,0,0,1,1
build-nonlocal-20284918,build,nonlocal,flm_no_intervention,exception,test,,,1,0,0,0,0,0,1
build-nonlocal-20284918,build,nonlocal,flm_no_replay,exception,test,,,1,0,0,0,0,0,1
build-nonlocal-20284918,build,nonlocal,flm_full,exception,test,,,1,0,0,0,0,0,1
build-nonlocal-20284919,build,nonlocal,final_symptom,exact,test,,test,0,0,0,0,0,1,1
build-nonlocal-20284919,build,nonlocal,component_heuristic,exact,test,,test,0,0,0,0,0,1,1
build-nonlocal-20284919,build,nonlocal,flm_no_intervention,exception,test,,,1,0,0,0,0,0,1
build-nonlocal-20284919,build,nonlocal,flm_no_replay,exception,test,,,1,0,0,0,0,0,1
build-nonlocal-20284919,build,nonlocal,flm_full,exception,test,,,1,0,0,0,0,0,1
build-nonlocal-20284920,build,nonlocal,final_symptom,exact,test,,test,0,0,0,0,0,1,1
build-nonlocal-20284920,build,nonlocal,component_heuristic,exact,test,,test,0,0,0,0,0,1,1
build-nonlocal-20284920,build,nonlocal,flm_no_intervention,exception,test,,,1,0,0,0,0,0,1
build-nonlocal-20284920,build,nonlocal,flm_no_replay,exception,test,,,1,0,0,0,0,0,1
build-nonlocal-20284920,build,nonlocal,flm_full,exception,test,,,1,0,0,0,0,0,1
build-nonlocal-20284921,build,nonlocal,final_symptom,exact,test,,test,0,0,0,0,0,1,1
build-nonlocal-20284921,build,nonlocal,component_heuristic,exact,test,,test,0,0,0,0,0,1,1
build-nonlocal-20284921,build,nonlocal,flm_no_intervention,exception,test,,,1,0,0,0,0,0,1
build-nonlocal-20284921,build,nonlocal,flm_no_replay,exception,test,,,1,0,0,0,0,0,1
build-nonlocal-20284921,build,nonlocal,flm_full,exception,test,,,1,0,0,0,0,0,1
build-nonlocal-20284922,build,nonlocal,final_symptom,exact,test,,test,0,0,0,0,0,1,1
build-nonlocal-20284922,build,nonlocal,component_heuristic,exact,test,,test,0,0,0,0,0,1,1
build-nonlocal-20284922,build,nonlocal,flm_no_intervention,exception,test,,,1,0,0,0,0,0,1
build-nonlocal-20284922,build,nonlocal,flm_no_replay,exception,test,,,1,0,0,0,0,0,1
build-nonlocal-20284922,build,nonlocal,flm_full,exception,test,,,1,0,0,0,0,0,1
build-nonlocal-20284923,build,nonlocal,final_symptom,exact,test,,test,0,0,0,0,0,1,1
build-nonlocal-20284923,build,nonlocal,component_heuristic,exact,test,,test,0,0,0,0,0,1,1
build-nonlocal-20284923,build,nonlocal,flm_no_intervention,exception,test,,,1,0,0,0,0,0,1
build-nonlocal-20284923,build,nonlocal,flm_no_replay,exception,test,,,1,0,0,0,0,0,1
build-nonlocal-20284923,build,nonlocal,flm_full,exception,test,,,1,0,0,0,0,0,1
build-nonlocal-20284924,build,nonlocal,final_symptom,exact,test,,test,0,0,0,0,0,1,1
build-nonlocal-20284924,build,nonlocal,component_heuristic,exact,test,,test,0,0,0,0,0,1,1
build-nonlocal-20284924,build,nonlocal,flm_no_intervention,exception,test,,,1,0,0,0,0,0,1
build-nonlocal-20284924,build,nonlocal,flm_no_replay,exception,test,,,1,0,0,0,0,0,1
build-nonlocal-20284924,build,nonlocal,flm_full,exception,test,,,1,0,0,0,0,0,1
build-nonlocal-20284925,build,nonlocal,final_symptom,exact,test,,test,0,0,0,0,0,1,1
build-nonlocal-20284925,build,nonlocal,component_heuristic,exact,test,,test,0,0,0,0,0,1,1
build-nonlocal-20284925,build,nonlocal,flm_no_intervention,exception,test,,,1,0,0,0,0,0,1
build-nonlocal-20284925,build,nonlocal,flm_no_replay,exception,test,,,1,0,0,0,0,0,1
build-nonlocal-20284925,build,nonlocal,flm_full,exception,test,,,1,0,0,0,0,0,1
build-nonlocal-20284926,build,nonlocal,final_symptom,exact,test,,test,0,0,0,0,0,1,1
build-nonlocal-20284926,build,nonlocal,component_heuristic,exact,test,,test,0,0,0,0,0,1,1
build-nonlocal-20284926,build,nonlocal,flm_no_intervention,exception,test,,,1,0,0,0,0,0,1
build-nonlocal-20284926,build,nonlocal,flm_no_replay,exception,test,,,1,0,0,0,0,0,1
build-nonlocal-20284926,build,nonlocal,flm_full,exception,test,,,1,0,0,0,0,0,1
build-nonlocal-20284927,build,nonlocal,final_symptom,exact,test,,test,0,0,0,0,0,1,1
build-nonlocal-20284927,build,nonlocal,component_heuristic,exact,test,,test,0,0,0,0,0,1,1
build-nonlocal-20284927,build,nonlocal,flm_no_intervention,exception,test,,,1,0,0,0,0,0,1
build-nonlocal-20284927,build,nonlocal,flm_no_replay,exception,test,,,1,0,0,0,0,0,1
build-nonlocal-20284927,build,nonlocal,flm_full,exception,test,,,1,0,0,0,0,0,1
build-nonlocal-20284928,build,nonlocal,final_symptom,exact,test,,test,0,0,0,0,0,1,1
build-nonlocal-20284928,build,nonlocal,component_heuristic,exact,test,,test,0,0,0,0,0,1,1
build-nonlocal-20284928,build,nonlocal,flm_no_intervention,exception,test,,,1,0,0,0,0,0,1
build-nonlocal-20284928,build,nonlocal,flm_no_replay,exception,test,,,1,0,0,0,0,0,1
build-nonlocal-20284928,build,nonlocal,flm_full,exception,test,,,1,0,0,0,0,0,1
build-nonlocal-20284929,build,nonlocal,final_symptom,exact,test,,test,0,0,0,0,0,1,1
build-nonlocal-20284929,build,nonlocal,component_heuristic,exact,test,,test,0,0,0,0,0,1,1
build-nonlocal-20284929,build,nonlocal,flm_no_intervention,exception,test,,,1,0,0,0,0,0,1
build-nonlocal-20284929,build,nonlocal,flm_no_replay,exception,test,,,1,0,0,0,0,0,1
build-nonlocal-20284929,build,nonlocal,flm_full,exception,test,,,1,0,0,0,0,0,1
build-nonlocal-20284930,build,nonlocal,final_symptom,exact,test,,test,0,0,0,0,0,1,1
build-nonlocal-20284930,build,nonlocal,component_heuristic,exact,test,,test,0,0,0,0,0,1,1
build-nonlocal-20284930,build,nonlocal,flm_no_intervention,exception,test,,,1,0,0,0,0,0,1
build-nonlocal-20284930,build,nonlocal,flm_no_replay,exception,test,,,1,0,0,0,0,0,1
build-nonlocal-20284930,build,nonlocal,flm_full,exception,test,,,1,0,0,0,0,0,1
build-reacquired-20285911,build,reacquired,final_symptom,exact,cache,,cache,0,0,0,0,0,1,1
build-reacquired-20285911,build,reacquired,component_heuristic,exact,resolve,,test,0,0,0,0,0,1,1
build-reacquired-20285911,build,reacquired,flm_no_intervention,reacquired,resolve,,,1,0,0,0,0,0,1
build-reacquired-20285911,build,reacquired,flm_no_replay,reacquired,resolve,,,1,0,0,0,0,0,1
build-reacquired-20285911,build,reacquired,flm_full,reacquired,resolve,,,1,0,0,0,0,0,1
build-reacquired-20285912,build,reacquired,final_symptom,exact,cache,,cache,0,0,0,0,0,1,1
build-reacquired-20285912,build,reacquired,component_heuristic,exact,resolve,,test,0,0,0,0,0,1,1
build-reacquired-20285912,build,reacquired,flm_no_intervention,reacquired,resolve,,,1,0,0,0,0,0,1
build-reacquired-20285912,build,reacquired,flm_no_replay,reacquired,resolve,,,1,0,0,0,0,0,1
build-reacquired-20285912,build,reacquired,flm_full,reacquired,resolve,,,1,0,0,0,0,0,1
build-reacquired-20285913,build,reacquired,final_symptom,exact,cache,,cache,0,0,0,0,0,1,1
build-reacquired-20285913,build,reacquired,component_heuristic,exact,resolve,,test,0,0,0,0,0,1,1
build-reacquired-20285913,build,reacquired,flm_no_intervention,reacquired,resolve,,,1,0,0,0,0,0,1
build-reacquired-20285913,build,reacquired,flm_no_replay,reacquired,resolve,,,1,0,0,0,0,0,1
build-reacquired-20285913,build,reacquired,flm_full,reacquired,resolve,,,1,0,0,0,0,0,1
build-reacquired-20285914,build,reacquired,final_symptom,exact,cache,,cache,0,0,0,0,0,1,1
build-reacquired-20285914,build,reacquired,component_heuristic,exact,resolve,,test,0,0,0,0,0,1,1
build-reacquired-20285914,build,reacquired,flm_no_intervention,reacquired,resolve,,,1,0,0,0,0,0,1
build-reacquired-20285914,build,reacquired,flm_no_replay,reacquired,resolve,,,1,0,0,0,0,0,1
build-reacquired-20285914,build,reacquired,flm_full,reacquired,resolve,,,1,0,0,0,0,0,1
build-reacquired-20285915,build,reacquired,final_symptom,exact,cache,,cache,0,0,0,0,0,1,1
build-reacquired-20285915,build,reacquired,component_heuristic,exact,resolve,,test,0,0,0,0,0,1,1
build-reacquired-20285915,build,reacquired,flm_no_intervention,reacquired,resolve,,,1,0,0,0,0,0,1
build-reacquired-20285915,build,reacquired,flm_no_replay,reacquired,resolve,,,1,0,0,0,0,0,1
build-reacquired-20285915,build,reacquired,flm_full,reacquired,resolve,,,1,0,0,0,0,0,1
build-reacquired-20285916,build,reacquired,final_symptom,exact,cache,,cache,0,0,0,0,0,1,1
build-reacquired-20285916,build,reacquired,component_heuristic,exact,resolve,,test,0,0,0,0,0,1,1
build-reacquired-20285916,build,reacquired,flm_no_intervention,reacquired,resolve,,,1,0,0,0,0,0,1
build-reacquired-20285916,build,reacquired,flm_no_replay,reacquired,resolve,,,1,0,0,0,0,0,1
build-reacquired-20285916,build,reacquired,flm_full,reacquired,resolve,,,1,0,0,0,0,0,1
build-reacquired-20285917,build,reacquired,final_symptom,exact,cache,,cache,0,0,0,0,0,1,1
build-reacquired-20285917,build,reacquired,component_heuristic,exact,resolve,,test,0,0,0,0,0,1,1
build-reacquired-20285917,build,reacquired,flm_no_intervention,reacquired,resolve,,,1,0,0,0,0,0,1
build-reacquired-20285917,build,reacquired,flm_no_replay,reacquired,resolve,,,1,0,0,0,0,0,1
build-reacquired-20285917,build,reacquired,flm_full,reacquired,resolve,,,1,0,0,0,0,0,1
build-reacquired-20285918,build,reacquired,final_symptom,exact,cache,,cache,0,0,0,0,0,1,1
build-reacquired-20285918,build,reacquired,component_heuristic,exact,resolve,,test,0,0,0,0,0,1,1
build-reacquired-20285918,build,reacquired,flm_no_intervention,reacquired,resolve,,,1,0,0,0,0,0,1
build-reacquired-20285918,build,reacquired,flm_no_replay,reacquired,resolve,,,1,0,0,0,0,0,1
build-reacquired-20285918,build,reacquired,flm_full,reacquired,resolve,,,1,0,0,0,0,0,1
build-reacquired-20285919,build,reacquired,final_symptom,exact,cache,,cache,0,0,0,0,0,1,1
build-reacquired-20285919,build,reacquired,component_heuristic,exact,resolve,,test,0,0,0,0,0,1,1
build-reacquired-20285919,build,reacquired,flm_no_intervention,reacquired,resolve,,,1,0,0,0,0,0,1
build-reacquired-20285919,build,reacquired,flm_no_replay,reacquired,resolve,,,1,0,0,0,0,0,1
build-reacquired-20285919,build,reacquired,flm_full,reacquired,resolve,,,1,0,0,0,0,0,1
build-reacquired-20285920,build,reacquired,final_symptom,exact,cache,,cache,0,0,0,0,0,1,1
build-reacquired-20285920,build,reacquired,component_heuristic,exact,resolve,,test,0,0,0,0,0,1,1
build-reacquired-20285920,build,reacquired,flm_no_intervention,reacquired,resolve,,,1,0,0,0,0,0,1
build-reacquired-20285920,build,reacquired,flm_no_replay,reacquired,resolve,,,1,0,0,0,0,0,1
build-reacquired-20285920,build,reacquired,flm_full,reacquired,resolve,,,1,0,0,0,0,0,1
build-reacquired-20285921,build,reacquired,final_symptom,exact,cache,,cache,0,0,0,0,0,1,1
build-reacquired-20285921,build,reacquired,component_heuristic,exact,resolve,,test,0,0,0,0,0,1,1
build-reacquired-20285921,build,reacquired,flm_no_intervention,reacquired,resolve,,,1,0,0,0,0,0,1
build-reacquired-20285921,build,reacquired,flm_no_replay,reacquired,resolve,,,1,0,0,0,0,0,1
build-reacquired-20285921,build,reacquired,flm_full,reacquired,resolve,,,1,0,0,0,0,0,1
build-reacquired-20285922,build,reacquired,final_symptom,exact,cache,,cache,0,0,0,0,0,1,1
build-reacquired-20285922,build,reacquired,component_heuristic,exact,resolve,,test,0,0,0,0,0,1,1
build-reacquired-20285922,build,reacquired,flm_no_intervention,reacquired,resolve,,,1,0,0,0,0,0,1
build-reacquired-20285922,build,reacquired,flm_no_replay,reacquired,resolve,,,1,0,0,0,0,0,1
build-reacquired-20285922,build,reacquired,flm_full,reacquired,resolve,,,1,0,0,0,0,0,1
build-reacquired-20285923,build,reacquired,final_symptom,exact,cache,,cache,0,0,0,0,0,1,1
build-reacquired-20285923,build,reacquired,component_heuristic,exact,resolve,,test,0,0,0,0,0,1,1
build-reacquired-20285923,build,reacquired,flm_no_intervention,reacquired,resolve,,,1,0,0,0,0,0,1
build-reacquired-20285923,build,reacquired,flm_no_replay,reacquired,resolve,,,1,0,0,0,0,0,1
build-reacquired-20285923,build,reacquired,flm_full,reacquired,resolve,,,1,0,0,0,0,0,1
build-reacquired-20285924,build,reacquired,final_symptom,exact,cache,,cache,0,0,0,0,0,1,1
build-reacquired-20285924,build,reacquired,component_heuristic,exact,resolve,,test,0,0,0,0,0,1,1
build-reacquired-20285924,build,reacquired,flm_no_intervention,reacquired,resolve,,,1,0,0,0,0,0,1
build-reacquired-20285924,build,reacquired,flm_no_replay,reacquired,resolve,,,1,0,0,0,0,0,1
build-reacquired-20285924,build,reacquired,flm_full,reacquired,resolve,,,1,0,0,0,0,0,1
build-reacquired-20285925,build,reacquired,final_symptom,exact,cache,,cache,0,0,0,0,0,1,1
build-reacquired-20285925,build,reacquired,component_heuristic,exact,resolve,,test,0,0,0,0,0,1,1
build-reacquired-20285925,build,reacquired,flm_no_intervention,reacquired,resolve,,,1,0,0,0,0,0,1
build-reacquired-20285925,build,reacquired,flm_no_replay,reacquired,resolve,,,1,0,0,0,0,0,1
build-reacquired-20285925,build,reacquired,flm_full,reacquired,resolve,,,1,0,0,0,0,0,1
build-reacquired-20285926,build,reacquired,final_symptom,exact,cache,,cache,0,0,0,0,0,1,1
build-reacquired-20285926,build,reacquired,component_heuristic,exact,resolve,,test,0,0,0,0,0,1,1
build-reacquired-20285926,build,reacquired,flm_no_intervention,reacquired,resolve,,,1,0,0,0,0,0,1
build-reacquired-20285926,build,reacquired,flm_no_replay,reacquired,resolve,,,1,0,0,0,0,0,1
build-reacquired-20285926,build,reacquired,flm_full,reacquired,resolve,,,1,0,0,0,0,0,1
build-reacquired-20285927,build,reacquired,final_symptom,exact,cache,,cache,0,0,0,0,0,1,1
build-reacquired-20285927,build,reacquired,component_heuristic,exact,resolve,,test,0,0,0,0,0,1,1
build-reacquired-20285927,build,reacquired,flm_no_intervention,reacquired,resolve,,,1,0,0,0,0,0,1
build-reacquired-20285927,build,reacquired,flm_no_replay,reacquired,resolve,,,1,0,0,0,0,0,1
build-reacquired-20285927,build,reacquired,flm_full,reacquired,resolve,,,1,0,0,0,0,0,1
build-reacquired-20285928,build,reacquired,final_symptom,exact,cache,,cache,0,0,0,0,0,1,1
build-reacquired-20285928,build,reacquired,component_heuristic,exact,resolve,,test,0,0,0,0,0,1,1
build-reacquired-20285928,build,reacquired,flm_no_intervention,reacquired,resolve,,,1,0,0,0,0,0,1
build-reacquired-20285928,build,reacquired,flm_no_replay,reacquired,resolve,,,1,0,0,0,0,0,1
build-reacquired-20285928,build,reacquired,flm_full,reacquired,resolve,,,1,0,0,0,0,0,1
build-reacquired-20285929,build,reacquired,final_symptom,exact,cache,,cache,0,0,0,0,0,1,1
build-reacquired-20285929,build,reacquired,component_heuristic,exact,resolve,,test,0,0,0,0,0,1,1
build-reacquired-20285929,build,reacquired,flm_no_intervention,reacquired,resolve,,,1,0,0,0,0,0,1
build-reacquired-20285929,build,reacquired,flm_no_replay,reacquired,resolve,,,1,0,0,0,0,0,1
build-reacquired-20285929,build,reacquired,flm_full,reacquired,resolve,,,1,0,0,0,0,0,1
build-reacquired-20285930,build,reacquired,final_symptom,exact,cache,,cache,0,0,0,0,0,1,1
build-reacquired-20285930,build,reacquired,component_heuristic,exact,resolve,,test,0,0,0,0,0,1,1
build-reacquired-20285930,build,reacquired,flm_no_intervention,reacquired,resolve,,,1,0,0,0,0,0,1
build-reacquired-20285930,build,reacquired,flm_no_replay,reacquired,resolve,,,1,0,0,0,0,0,1
build-reacquired-20285930,build,reacquired,flm_full,reacquired,resolve,,,1,0,0,0,0,0,1
